Customer,48806,47106,47287,48020
XAX1,62,71,65,96
XAX10,51,20,50,80
XAX100,60,61,80,131
XAX1000,4,3,10,22
XAX1001,25,5,27,77
XAX1002,33,16,48,72
XAX1003,21,28,41,74
XAX1004,31,33,44,49
XAX1005,27,14,43,70
XAX1006,12,8,15,22
XAX1007,24,8,45,46
XAX1008,39,32,48,64
XAX1009,23,27,35,61
XAX101,39,32,84,97
XAX1010,6,5,14,33
XAX1011,34,36,44,88
XAX1012,25,45,39,86
XAX1013,10,3,23,29
XAX1014,53,33,68,115
XAX1015,20,37,26,82
XAX1016,13,13,16,48
XAX1017,12,6,23,37
XAX1018,10,4,15,19
XAX1019,37,41,54,57
XAX102,13,6,21,29
XAX1020,35,32,68,72
XAX1021,20,16,42,55
XAX1022,24,15,40,44
XAX1023,33,9,32,52
XAX1024,16,5,13,21
XAX1025,47,10,61,84
XAX1026,34,39,53,71
XAX1027,14,20,0,29
XAX1028,39,27,46,84
XAX1029,18,8,24,27
XAX103,59,65,84,168
XAX1030,17,26,43,37
XAX1032,57,38,65,88
XAX1033,38,26,50,72
XAX1034,32,18,35,30
XAX1035,26,10,20,41
XAX1036,33,17,51,57
XAX1037,39,24,58,72
XAX1038,19,11,25,41
XAX1039,22,21,41,71
XAX104,18,38,21,60
XAX1040,26,0,33,81
XAX1041,10,3,15,24
XAX1042,46,38,50,107
XAX1043,18,14,18,40
XAX1044,36,56,57,106
XAX1045,15,33,12,70
XAX1046,10,5,13,24
XAX1047,11,10,14,64
XAX1048,12,5,20,46
XAX105,31,19,44,55
XAX1051,24,7,35,59
XAX1052,12,14,19,28
XAX1053,36,21,26,100
XAX1054,17,17,23,41
XAX1055,21,21,50,86
XAX1056,13,22,40,92
XAX1057,10,6,14,18
XAX1058,29,25,28,55
XAX1059,13,5,12,35
XAX106,9,7,14,25
XAX1060,22,17,26,60
XAX1061,13,15,10,24
XAX1062,34,63,42,96
XAX1063,9,6,22,11
XAX1064,13,7,16,41
XAX1065,25,11,33,53
XAX1066,33,21,50,98
XAX1067,3,4,12,12
XAX1068,22,17,16,32
XAX1069,7,4,12,20
XAX107,20,15,16,63
XAX1070,21,12,18,62
XAX1071,25,18,39,89
XAX1072,24,1,27,56
XAX1073,35,18,38,43
XAX1074,28,20,24,52
XAX1075,78,59,79,128
XAX1076,26,18,25,66
XAX1077,23,6,23,41
XAX1078,11,7,8,25
XAX1079,17,11,24,6
XAX108,25,25,29,57
XAX1080,29,14,27,54
XAX1081,45,16,35,64
XAX1082,20,17,5,36
XAX1083,26,13,40,82
XAX1084,16,8,17,24
XAX1085,34,34,35,52
XAX1086,39,28,36,74
XAX1087,33,18,37,64
XAX1088,28,65,36,55
XAX1089,26,12,39,62
XAX109,17,54,42,51
XAX1090,3,19,32,38
XAX1091,24,11,23,50
XAX1092,0,0,0,32
XAX1093,19,13,28,45
XAX1094,54,9,58,146
XAX1095,20,21,15,56
XAX1096,35,18,38,63
XAX1097,16,27,25,51
XAX1098,19,17,20,37
XAX1099,30,28,35,46
XAX11,33,19,64,73
XAX110,11,10,14,25
XAX1100,8,4,13,28
XAX1101,25,1,36,60
XAX1102,14,13,18,47
XAX1103,27,39,27,70
XAX1104,37,49,36,67
XAX1105,35,21,57,80
XAX1106,11,11,12,27
XAX1107,13,10,11,26
XAX1108,7,10,16,32
XAX1109,15,11,22,30
XAX111,24,15,18,46
XAX1110,12,7,21,32
XAX1111,15,13,20,43
XAX1112,19,13,38,52
XAX1113,24,13,38,67
XAX1114,6,11,12,23
XAX1115,23,10,34,39
XAX1116,51,37,71,124
XAX1117,21,9,18,48
XAX1118,36,17,23,55
XAX1119,10,7,12,10
XAX112,24,10,30,68
XAX1120,32,24,44,72
XAX1121,20,10,24,64
XAX1122,21,6,20,34
XAX1123,13,37,65,78
XAX1124,16,9,20,48
XAX1125,37,30,47,63
XAX1126,33,34,29,83
XAX1127,3,3,11,30
XAX1128,17,5,22,26
XAX1129,35,20,35,53
XAX113,32,33,40,79
XAX1130,12,9,14,29
XAX1131,8,12,21,33
XAX1132,22,7,28,62
XAX1133,15,6,24,50
XAX1134,31,14,44,56
XAX1135,20,19,33,38
XAX1136,13,19,30,81
XAX1137,15,31,42,53
XAX1138,10,10,14,15
XAX1139,29,26,28,52
XAX114,11,0,24,28
XAX1140,20,6,46,53
XAX1141,37,44,41,78
XAX1142,21,19,33,49
XAX1143,6,8,7,20
XAX1144,20,26,34,28
XAX1146,28,35,41,58
XAX1147,13,15,16,22
XAX1148,57,40,66,128
XAX1149,44,50,54,119
XAX115,8,2,11,17
XAX1150,35,29,26,100
XAX1151,50,34,48,120
XAX1152,22,24,34,74
XAX1153,19,9,14,45
XAX1154,12,21,12,49
XAX1155,25,17,25,56
XAX1156,29,19,42,74
XAX1157,22,12,23,27
XAX1158,22,6,25,39
XAX1159,5,4,12,15
XAX116,2,6,15,18
XAX1160,37,37,58,82
XAX1161,35,16,47,94
XAX1162,26,19,35,45
XAX1163,10,7,29,29
XAX1164,20,28,19,48
XAX1165,56,55,94,91
XAX1166,4,1,8,13
XAX1167,23,21,29,43
XAX1168,27,21,60,64
XAX1169,9,11,20,23
XAX117,4,6,8,23
XAX1170,21,23,30,43
XAX1171,17,5,4,48
XAX1172,26,88,36,62
XAX1173,17,4,19,29
XAX1174,10,12,17,17
XAX1175,26,19,38,78
XAX1176,10,28,22,24
XAX1177,24,21,28,43
XAX1178,37,27,32,84
XAX1179,22,3,36,47
XAX118,11,13,23,36
XAX1180,32,34,63,82
XAX1181,18,35,13,73
XAX1182,27,37,37,70
XAX1183,25,59,51,63
XAX1184,26,22,16,75
XAX1185,18,8,43,46
XAX1186,54,63,77,125
XAX1187,24,22,25,42
XAX1188,36,15,52,56
XAX1189,3,1,7,8
XAX119,57,30,74,58
XAX1190,21,10,20,49
XAX1191,15,11,17,43
XAX1192,20,13,20,53
XAX1193,15,7,15,43
XAX1194,35,14,43,70
XAX1195,30,22,42,65
XAX1196,10,9,8,29
XAX1197,16,41,20,47
XAX1198,24,22,28,66
XAX1199,17,30,16,39
XAX12,47,19,72,107
XAX120,22,27,23,58
XAX1200,47,33,83,111
XAX1201,35,11,56,54
XAX1202,23,18,59,64
XAX1203,40,31,31,65
XAX1204,31,23,50,67
XAX1205,29,38,24,51
XAX1206,25,16,16,52
XAX1207,50,43,63,95
XAX1208,0,52,27,29
XAX1209,14,21,31,40
XAX121,16,14,23,58
XAX1210,28,20,34,55
XAX1211,16,13,10,26
XAX1212,31,12,57,65
XAX1213,34,53,37,64
XAX1214,14,14,22,35
XAX1215,27,30,47,47
XAX1216,12,24,16,43
XAX1217,28,18,19,42
XAX1218,69,67,83,114
XAX1219,24,36,30,71
XAX122,22,19,37,70
XAX1220,5,10,17,30
XAX1221,36,27,36,84
XAX1222,31,38,62,106
XAX1223,17,18,21,50
XAX1224,26,53,22,58
XAX1225,33,81,35,95
XAX1226,34,26,33,52
XAX1227,46,42,46,74
XAX1228,22,17,46,49
XAX1229,33,19,14,63
XAX123,11,19,22,49
XAX1230,63,44,77,116
XAX1231,31,67,83,128
XAX1232,29,31,37,65
XAX1233,11,21,12,33
XAX1234,18,8,11,31
XAX1235,11,26,16,28
XAX1236,16,20,23,64
XAX1237,19,43,44,67
XAX1238,30,3,56,90
XAX1239,23,11,35,54
XAX124,19,23,30,53
XAX1240,84,86,102,127
XAX1241,55,47,60,121
XAX1242,30,29,62,79
XAX1243,14,20,16,50
XAX1244,22,23,30,51
XAX1245,42,37,61,91
XAX1247,15,13,16,27
XAX1248,31,48,32,72
XAX1249,37,15,46,94
XAX125,91,32,78,153
XAX1252,18,28,26,64
XAX1253,31,16,54,105
XAX1254,28,35,59,112
XAX1255,17,7,19,33
XAX1256,21,17,30,69
XAX1257,9,8,17,31
XAX1259,19,19,24,46
XAX126,20,8,16,59
XAX1260,30,18,51,68
XAX1261,38,28,58,88
XAX1262,3,7,7,16
XAX1263,19,2,22,62
XAX1264,37,39,59,81
XAX1265,11,6,12,37
XAX1266,24,18,15,55
XAX1267,20,23,27,47
XAX1268,13,6,30,42
XAX1269,13,12,15,24
XAX127,19,7,22,35
XAX1270,22,18,44,78
XAX1271,15,6,20,38
XAX1272,26,11,40,77
XAX1273,120,130,132,209
XAX1274,8,12,12,19
XAX1275,22,16,27,42
XAX1276,48,28,65,61
XAX1277,21,14,48,56
XAX1278,0,3,7,12
XAX1279,18,17,35,38
XAX128,26,31,33,43
XAX1280,46,52,48,96
XAX1281,24,22,25,50
XAX1282,7,17,12,38
XAX1283,20,7,33,54
XAX1284,50,32,55,105
XAX1285,57,41,71,75
XAX1286,17,12,11,33
XAX1287,3,6,16,39
XAX1288,19,10,22,44
XAX1289,20,33,44,53
XAX129,50,59,53,86
XAX1290,13,25,20,47
XAX1291,47,58,52,106
XAX1292,38,81,55,90
XAX1293,27,26,51,62
XAX1294,28,40,31,66
XAX1295,22,26,22,55
XAX1296,15,10,15,31
XAX1297,20,2,39,44
XAX1298,59,70,57,148
XAX1299,38,27,60,74
XAX13,30,20,40,51
XAX130,35,35,51,114
XAX1300,26,20,22,71
XAX1301,37,27,52,77
XAX1302,26,14,47,53
XAX1303,41,40,50,60
XAX1304,60,53,83,89
XAX1305,55,18,73,58
XAX1306,54,32,63,124
XAX1307,30,38,43,90
XAX1308,21,54,36,81
XAX1309,33,25,60,74
XAX131,36,42,49,96
XAX1310,41,59,42,81
XAX1311,29,43,66,97
XAX1312,18,18,20,49
XAX1313,25,44,56,90
XAX1314,16,42,15,70
XAX1315,94,58,92,161
XAX1316,20,15,22,26
XAX1317,19,9,33,50
XAX1318,34,41,58,97
XAX1319,25,19,39,58
XAX132,24,15,13,56
XAX1320,51,42,65,75
XAX1321,17,25,29,54
XAX1322,20,22,38,45
XAX1323,20,11,19,27
XAX1324,12,8,8,35
XAX1325,21,18,24,35
XAX1326,43,31,68,111
XAX1327,41,10,66,61
XAX1328,31,21,39,73
XAX1329,31,6,28,41
XAX133,4,10,8,17
XAX1330,36,28,45,33
XAX1331,37,6,47,70
XAX1332,42,45,42,91
XAX1333,21,21,37,51
XAX1334,25,16,22,33
XAX1335,18,14,27,53
XAX1336,18,10,18,22
XAX1337,19,7,21,47
XAX1338,18,9,23,35
XAX1339,32,13,36,54
XAX134,38,38,48,97
XAX1340,18,5,13,61
XAX1341,35,57,51,125
XAX1342,15,15,19,44
XAX1344,35,17,40,66
XAX1345,24,8,34,27
XAX1346,54,56,64,84
XAX1347,25,19,24,44
XAX1348,25,16,37,58
XAX1349,16,2,9,34
XAX135,31,8,44,76
XAX1350,38,22,46,54
XAX1351,11,22,20,62
XAX1352,14,14,10,27
XAX1353,26,19,35,83
XAX1354,26,16,25,68
XAX1355,29,50,29,88
XAX1356,34,6,33,61
XAX1357,28,6,43,72
XAX1358,32,22,33,50
XAX1359,25,20,23,69
XAX136,8,6,10,18
XAX1360,13,11,20,42
XAX1361,48,72,81,121
XAX1362,12,17,38,83
XAX1363,16,26,19,35
XAX1364,37,35,45,92
XAX1365,17,23,28,67
XAX1366,22,24,33,29
XAX1367,42,45,64,132
XAX1368,18,13,28,66
XAX1369,25,33,42,63
XAX137,25,21,37,52
XAX1370,40,35,54,79
XAX1371,31,18,36,60
XAX1372,17,22,20,47
XAX1373,20,50,33,53
XAX1374,6,10,13,25
XAX1375,49,25,63,77
XAX1376,33,23,46,100
XAX1377,33,24,50,52
XAX1378,56,35,84,65
XAX1379,17,14,24,40
XAX138,43,29,66,88
XAX1380,20,7,25,52
XAX1381,29,49,52,67
XAX1382,27,22,34,72
XAX1383,28,23,59,87
XAX1384,11,5,12,29
XAX1385,31,15,26,68
XAX1386,28,15,41,56
XAX1387,17,28,23,75
XAX1388,39,42,76,67
XAX1389,30,21,25,41
XAX139,25,20,34,81
XAX1390,43,132,71,92
XAX1391,24,13,16,45
XAX1392,13,9,20,51
XAX1393,25,23,46,56
XAX1394,23,40,51,88
XAX1395,15,10,23,46
XAX1396,47,29,79,84
XAX1397,52,37,75,166
XAX1398,11,0,11,30
XAX1399,31,3,42,52
XAX14,63,51,74,99
XAX140,50,20,75,100
XAX1400,29,15,33,58
XAX1401,19,18,20,67
XAX1403,23,6,43,50
XAX1404,11,4,18,41
XAX1405,35,24,61,78
XAX1406,24,21,38,79
XAX1407,21,27,39,70
XAX1408,27,1,19,43
XAX1409,12,17,12,19
XAX141,35,29,53,82
XAX1410,31,23,52,62
XAX1411,42,64,57,105
XAX1412,33,20,33,57
XAX1413,27,61,41,68
XAX1414,25,24,42,62
XAX1415,30,18,26,49
XAX1416,22,8,27,40
XAX1417,44,41,35,84
XAX1418,35,30,56,106
XAX1419,40,46,56,75
XAX1420,12,16,20,39
XAX1421,22,25,49,71
XAX1422,15,27,27,32
XAX1423,29,30,40,62
XAX1424,51,12,66,119
XAX1425,29,42,55,57
XAX1426,45,25,56,91
XAX1427,27,19,55,84
XAX1428,39,40,70,71
XAX1429,30,27,51,76
XAX143,20,18,31,54
XAX1430,50,39,60,78
XAX1431,43,20,56,79
XAX1432,40,30,56,49
XAX1433,24,29,41,40
XAX1434,33,48,38,76
XAX1435,20,25,36,62
XAX1436,9,38,14,26
XAX1437,21,14,28,55
XAX1438,68,77,69,127
XAX1439,66,57,67,102
XAX144,44,26,68,111
XAX1440,68,170,110,180
XAX1441,33,12,34,54
XAX1442,37,50,61,98
XAX1443,26,18,42,68
XAX1444,17,34,19,27
XAX1445,14,18,16,37
XAX1446,52,44,85,86
XAX1447,58,39,73,75
XAX1448,32,37,57,76
XAX1449,28,29,40,73
XAX145,19,25,32,46
XAX1450,14,18,32,46
XAX1451,12,7,21,26
XAX1452,7,8,6,28
XAX1453,58,51,89,106
XAX1454,42,42,75,108
XAX1455,25,40,23,85
XAX1456,30,30,46,94
XAX1457,52,31,63,113
XAX1458,35,40,53,76
XAX1459,24,24,45,59
XAX146,20,19,24,38
XAX1460,35,28,63,87
XAX1461,81,52,103,136
XAX1462,10,7,10,34
XAX1463,26,17,38,56
XAX1464,11,7,7,33
XAX1465,36,26,54,86
XAX1466,15,7,24,43
XAX1467,7,6,13,22
XAX1468,19,9,20,34
XAX1469,15,14,37,62
XAX147,38,22,29,60
XAX1470,38,15,54,65
XAX1471,21,27,26,41
XAX1472,23,25,62,48
XAX1473,51,45,73,88
XAX1474,30,11,26,81
XAX1475,23,14,22,38
XAX1476,43,42,63,122
XAX1477,18,11,28,32
XAX1478,15,22,38,73
XAX1479,38,26,49,89
XAX148,31,28,52,56
XAX1480,15,11,24,26
XAX1481,11,14,14,58
XAX1482,10,5,12,25
XAX1483,44,9,54,70
XAX1485,91,111,110,194
XAX1486,34,24,38,71
XAX1487,34,0,28,70
XAX1488,31,9,30,112
XAX1489,7,9,5,24
XAX149,17,13,18,46
XAX1490,33,63,46,88
XAX1491,41,15,56,81
XAX1492,27,14,23,67
XAX1493,15,10,11,34
XAX1494,33,23,39,61
XAX1495,46,34,61,65
XAX1496,57,32,62,109
XAX1497,12,8,25,36
XAX1498,11,10,19,35
XAX1499,25,10,36,43
XAX15,40,11,68,73
XAX150,45,31,60,120
XAX1500,43,28,38,79
XAX1501,7,13,18,35
XAX1502,25,16,21,61
XAX1503,42,62,54,95
XAX1504,19,36,24,68
XAX1505,25,13,40,47
XAX1506,13,19,24,38
XAX1507,25,11,13,45
XAX1508,51,39,50,100
XAX1509,23,12,26,42
XAX151,44,43,74,136
XAX1510,46,40,47,74
XAX1511,10,17,6,27
XAX1512,28,27,31,82
XAX1513,9,13,10,47
XAX1514,42,38,56,71
XAX1515,34,34,60,88
XAX1516,27,23,32,74
XAX1517,5,17,9,42
XAX1518,16,9,18,37
XAX1519,27,6,41,63
XAX152,17,22,35,52
XAX1520,44,42,53,90
XAX1521,22,10,22,47
XAX1522,21,0,42,46
XAX1523,23,4,20,63
XAX1524,53,32,56,103
XAX1525,36,4,57,108
XAX1526,38,35,43,83
XAX1527,25,48,49,109
XAX1528,60,59,88,125
XAX1529,33,30,43,76
XAX153,13,9,22,40
XAX1530,10,11,15,31
XAX1531,13,39,23,40
XAX1532,25,33,34,86
XAX1533,47,35,64,108
XAX1534,58,36,74,128
XAX1535,65,45,70,107
XAX1536,39,45,44,68
XAX1537,21,19,20,42
XAX1538,50,30,70,77
XAX1539,43,24,65,79
XAX154,22,25,29,51
XAX1540,14,25,36,53
XAX1541,25,5,39,94
XAX1542,50,24,42,74
XAX1543,49,37,49,86
XAX1544,61,39,87,135
XAX1545,40,22,57,55
XAX1546,17,15,31,34
XAX1547,34,24,59,81
XAX1548,17,8,18,37
XAX1549,22,9,30,62
XAX155,15,14,14,34
XAX1550,9,10,14,31
XAX1551,15,30,37,61
XAX1552,31,25,21,50
XAX1553,18,30,31,37
XAX1554,30,15,35,83
XAX1555,21,25,33,61
XAX1556,12,24,20,65
XAX1557,28,19,35,90
XAX1558,11,1,17,34
XAX1559,26,55,19,59
XAX156,0,0,0,10
XAX1560,24,26,43,71
XAX1561,14,2,11,13
XAX1562,29,35,30,44
XAX1563,66,55,65,130
XAX1564,32,32,42,94
XAX1565,116,91,129,281
XAX1566,33,0,0,26
XAX1567,70,51,77,193
XAX1568,26,13,52,71
XAX1569,19,19,34,77
XAX157,52,30,69,86
XAX1570,40,26,79,89
XAX1571,21,21,43,62
XAX1572,125,104,124,269
XAX1573,48,38,58,91
XAX1574,47,11,31,87
XAX1575,65,0,12,106
XAX1576,15,10,19,65
XAX1577,33,23,49,86
XAX1578,18,30,13,63
XAX1579,10,9,4,9
XAX158,18,24,17,45
XAX1580,23,28,40,74
XAX1581,46,74,53,120
XAX1583,19,31,30,89
XAX1584,36,1,44,62
XAX1585,56,32,58,80
XAX1586,31,3,34,96
XAX1587,41,39,52,72
XAX1588,56,53,55,101
XAX1589,9,0,8,34
XAX159,40,37,37,79
XAX1590,20,35,12,38
XAX1591,25,21,30,105
XAX1592,15,17,20,50
XAX1593,39,23,54,59
XAX1594,45,33,57,86
XAX1595,39,26,56,56
XAX1596,10,2,12,37
XAX1597,23,40,28,62
XAX1598,23,83,33,64
XAX1599,17,29,13,42
XAX16,47,41,40,80
XAX160,14,20,34,43
XAX1600,74,68,71,140
XAX1601,20,50,39,57
XAX1602,16,15,28,45
XAX1603,12,4,12,30
XAX1604,75,62,78,160
XAX1605,23,21,43,36
XAX1606,28,20,29,43
XAX1607,29,35,57,73
XAX1608,44,34,39,56
XAX1609,32,20,55,71
XAX161,9,10,14,34
XAX1610,11,14,14,35
XAX1611,49,20,63,64
XAX1612,45,74,65,114
XAX1613,9,4,19,45
XAX1614,16,1,13,43
XAX1615,25,24,17,40
XAX1616,45,42,41,101
XAX1617,72,52,93,133
XAX1618,37,30,49,181
XAX1619,16,23,22,40
XAX162,12,12,10,40
XAX1620,0,39,20,31
XAX1621,17,16,29,38
XAX1622,24,20,45,47
XAX1623,22,32,40,73
XAX1624,29,11,26,52
XAX1625,29,25,40,70
XAX1626,23,25,30,14
XAX1627,38,41,76,75
XAX1628,15,10,2,44
XAX1629,17,12,18,18
XAX163,44,26,51,96
XAX1630,34,30,26,57
XAX1631,36,23,36,97
XAX1632,48,39,67,57
XAX1633,48,36,69,62
XAX1634,32,26,57,61
XAX1635,17,10,29,71
XAX1636,115,95,163,239
XAX1637,41,29,67,99
XAX1638,8,8,15,28
XAX1639,23,15,20,25
XAX164,18,16,45,64
XAX1640,14,30,20,45
XAX1641,16,13,20,48
XAX1642,39,20,59,84
XAX1643,51,69,59,78
XAX1644,40,32,57,71
XAX1645,60,94,78,128
XAX1646,37,39,50,82
XAX1647,27,24,42,48
XAX1648,59,45,69,88
XAX1649,39,44,50,86
XAX165,31,21,47,74
XAX1650,16,58,26,50
XAX1651,35,51,41,84
XAX1652,31,9,30,68
XAX1653,11,6,19,18
XAX1654,66,81,98,96
XAX1655,37,15,54,70
XAX1656,33,38,59,70
XAX1657,31,30,59,71
XAX1658,17,15,26,51
XAX1659,48,29,75,119
XAX166,16,10,23,58
XAX1660,57,50,55,97
XAX1661,17,9,24,30
XAX1662,25,14,25,50
XAX1663,24,13,35,71
XAX1664,21,31,19,53
XAX1665,38,32,52,67
XAX1666,9,5,11,18
XAX1667,21,28,20,50
XAX1668,24,27,28,61
XAX1669,36,46,37,86
XAX167,20,8,22,43
XAX1670,18,12,20,28
XAX1671,81,74,74,126
XAX1672,21,13,26,34
XAX1673,37,37,68,68
XAX1674,36,38,48,112
XAX1675,9,9,21,25
XAX1676,40,41,48,61
XAX1677,33,18,54,79
XAX1678,10,34,24,48
XAX1679,37,45,70,69
XAX168,46,59,34,117
XAX1680,11,11,15,49
XAX1681,9,16,19,20
XAX1682,39,19,46,101
XAX1683,23,22,24,31
XAX1684,13,10,24,29
XAX1685,39,35,37,64
XAX1686,58,43,62,110
XAX1687,39,28,57,73
XAX1688,40,23,48,90
XAX1689,28,34,64,133
XAX169,10,12,19,28
XAX1690,26,23,45,79
XAX1691,21,17,23,38
XAX1692,11,4,10,20
XAX1693,27,16,20,107
XAX1694,27,3,23,41
XAX1695,26,27,23,47
XAX1696,21,21,46,49
XAX1697,15,11,13,52
XAX1698,27,43,33,76
XAX1699,98,171,116,164
XAX17,39,2,61,66
XAX170,11,21,25,43
XAX1700,32,61,57,118
XAX1701,6,6,4,16
XAX1702,20,29,58,47
XAX1703,46,52,53,67
XAX1704,32,17,40,89
XAX1705,21,25,26,27
XAX1707,32,33,56,51
XAX1708,91,183,126,181
XAX1709,30,21,63,54
XAX171,12,19,24,46
XAX1710,19,17,32,63
XAX1711,21,10,25,56
XAX1712,24,8,25,47
XAX1713,15,12,30,44
XAX1714,32,31,68,69
XAX1715,13,13,19,39
XAX1716,36,96,42,100
XAX1717,33,27,41,91
XAX1718,33,15,58,59
XAX1719,40,22,54,59
XAX172,41,28,58,91
XAX1720,13,12,30,101
XAX1721,31,43,40,60
XAX1722,30,38,30,54
XAX1723,64,56,84,106
XAX1724,16,24,21,50
XAX1726,24,7,46,62
XAX1727,18,23,23,22
XAX1728,33,28,65,71
XAX1729,18,10,20,31
XAX173,12,14,17,27
XAX1730,18,23,29,69
XAX1731,11,11,22,40
XAX1732,25,23,32,62
XAX1733,23,18,47,60
XAX1734,30,12,39,65
XAX1735,12,21,18,34
XAX1736,43,34,63,81
XAX1737,16,10,17,54
XAX1738,16,3,53,51
XAX1739,47,28,45,92
XAX174,24,16,41,60
XAX1740,38,31,46,91
XAX1741,34,33,51,54
XAX1742,14,7,28,51
XAX1743,12,2,14,23
XAX1744,13,16,24,47
XAX1745,32,18,33,47
XAX1746,28,37,35,87
XAX1747,21,30,29,65
XAX1748,20,14,21,34
XAX1749,40,30,68,86
XAX175,24,32,27,85
XAX1750,42,26,52,55
XAX1751,9,7,7,19
XAX1752,22,7,27,32
XAX1753,28,27,27,54
XAX1754,27,25,53,51
XAX1755,29,20,15,60
XAX1756,11,28,15,31
XAX1757,59,40,75,93
XAX1758,21,10,30,44
XAX1759,62,35,60,113
XAX176,11,6,12,19
XAX1760,19,48,23,48
XAX1761,22,15,17,41
XAX1762,25,33,35,53
XAX1763,28,10,23,62
XAX1764,45,18,78,81
XAX1765,25,18,35,50
XAX1766,12,6,8,37
XAX1767,14,12,13,32
XAX1768,50,55,49,85
XAX1769,39,32,68,58
XAX177,34,27,30,60
XAX1770,39,36,50,82
XAX1771,41,17,73,58
XAX1772,78,55,93,81
XAX1773,26,23,17,54
XAX1774,29,45,46,58
XAX1775,41,22,64,62
XAX1776,26,30,49,63
XAX1777,18,23,20,35
XAX1778,43,24,65,125
XAX1779,7,6,14,23
XAX178,8,6,14,42
XAX1780,20,18,26,37
XAX1781,47,39,87,88
XAX1782,42,18,34,78
XAX1783,43,47,58,106
XAX1784,21,24,34,42
XAX1785,37,52,39,45
XAX1786,20,17,20,68
XAX1787,24,32,57,74
XAX1788,23,42,28,62
XAX1789,48,28,20,54
XAX179,21,9,39,52
XAX1790,30,37,51,59
XAX1791,45,46,51,87
XAX1792,20,16,33,52
XAX1793,22,9,23,33
XAX1794,47,28,96,107
XAX1795,9,15,20,37
XAX1796,39,71,25,94
XAX1797,49,25,41,47
XAX1798,27,25,39,62
XAX1799,33,40,77,77
XAX18,7,7,12,36
XAX180,37,29,49,73
XAX1800,21,6,25,22
XAX1801,31,25,44,76
XAX1802,49,54,66,108
XAX1803,14,19,32,73
XAX1804,25,30,47,49
XAX1805,13,18,15,56
XAX1806,29,14,60,44
XAX1807,14,11,20,28
XAX1808,21,8,13,37
XAX1809,43,30,68,66
XAX181,21,9,29,35
XAX1810,34,44,58,76
XAX1811,30,11,16,99
XAX1812,35,22,59,101
XAX1813,26,25,45,38
XAX1814,23,17,23,56
XAX1815,20,6,12,44
XAX1816,8,7,10,9
XAX1817,64,37,92,121
XAX1819,35,44,40,69
XAX182,23,11,17,44
XAX1820,17,10,33,53
XAX1821,11,8,11,24
XAX1822,12,8,12,27
XAX1823,34,29,40,79
XAX1824,8,11,15,41
XAX1825,44,32,50,95
XAX1826,34,50,36,87
XAX1827,13,14,12,25
XAX1828,39,13,39,65
XAX1829,13,6,21,40
XAX183,8,4,13,16
XAX1830,31,46,43,56
XAX1831,26,39,51,48
XAX1832,20,24,18,52
XAX1833,59,28,67,128
XAX1834,79,67,80,98
XAX1835,39,55,89,113
XAX1836,48,44,68,71
XAX1837,32,12,35,73
XAX1838,14,9,11,46
XAX1839,20,14,15,40
XAX184,58,60,56,163
XAX1840,33,56,37,114
XAX1841,28,49,32,107
XAX1842,14,11,17,57
XAX1843,68,28,67,75
XAX1844,9,19,21,27
XAX1845,16,21,11,25
XAX1846,5,6,5,46
XAX1847,53,43,65,72
XAX1848,12,14,18,41
XAX1849,26,15,21,63
XAX185,38,33,44,123
XAX1850,23,31,37,57
XAX1851,14,11,20,72
XAX1852,57,45,64,114
XAX1853,17,48,27,86
XAX1854,23,10,28,28
XAX1855,8,8,13,34
XAX1856,51,31,58,83
XAX1857,18,16,23,24
XAX1858,18,15,18,44
XAX1859,16,15,17,27
XAX186,25,26,33,57
XAX1860,35,36,39,107
XAX1861,21,10,29,51
XAX1862,21,36,24,52
XAX1863,40,37,31,72
XAX1864,14,5,23,40
XAX1865,15,24,28,35
XAX1866,22,14,27,32
XAX1867,15,17,24,48
XAX1868,57,53,77,77
XAX1869,12,10,1,32
XAX1870,28,24,25,64
XAX1871,51,43,73,95
XAX1872,82,47,82,96
XAX1873,12,22,26,62
XAX1874,26,21,21,43
XAX1875,48,33,68,100
XAX1876,28,42,27,53
XAX1877,24,36,29,66
XAX1878,51,52,52,39
XAX1879,41,26,11,57
XAX188,43,34,80,92
XAX1880,81,100,96,130
XAX1881,22,19,32,58
XAX1882,19,15,26,48
XAX1883,23,30,29,54
XAX1884,36,30,66,74
XAX1885,53,42,70,92
XAX1886,28,18,57,63
XAX1887,52,49,43,82
XAX1888,69,73,63,107
XAX1889,35,13,72,55
XAX189,35,22,32,70
XAX1890,36,35,57,107
XAX1891,11,0,11,37
XAX1892,21,23,24,41
XAX1893,30,18,27,81
XAX1894,33,35,34,42
XAX1895,15,10,14,24
XAX1896,35,43,61,121
XAX1897,6,13,17,41
XAX1898,12,14,16,32
XAX1899,26,17,18,58
XAX19,44,8,64,78
XAX190,18,7,15,39
XAX1900,62,33,54,80
XAX1901,40,36,82,57
XAX1902,84,126,108,169
XAX1903,47,19,53,104
XAX1904,12,27,18,53
XAX1905,30,49,40,68
XAX1906,13,22,26,45
XAX1907,39,27,40,55
XAX1908,29,28,52,66
XAX1909,24,39,35,65
XAX1910,28,12,33,42
XAX1911,24,14,36,53
XAX1912,8,16,14,46
XAX1913,17,11,51,53
XAX1914,22,37,31,66
XAX1915,57,71,75,141
XAX1916,9,11,13,34
XAX1917,29,66,29,61
XAX1918,18,44,26,49
XAX1919,24,15,14,17
XAX192,45,30,57,72
XAX1920,38,46,15,64
XAX1921,10,10,7,14
XAX1922,29,35,13,110
XAX1923,35,17,47,47
XAX1924,44,38,41,84
XAX1925,37,22,39,66
XAX1926,22,31,28,38
XAX1927,19,7,16,61
XAX1928,25,27,15,66
XAX1929,65,54,56,70
XAX1930,19,41,25,30
XAX1931,46,37,55,68
XAX1932,51,43,52,66
XAX1933,6,30,16,42
XAX1934,21,9,18,37
XAX1935,27,64,40,71
XAX1936,25,17,32,48
XAX1937,28,5,23,54
XAX1938,19,10,21,25
XAX1939,39,30,54,56
XAX194,38,13,58,94
XAX1940,41,21,51,77
XAX1941,24,35,24,62
XAX1942,26,15,34,36
XAX1943,56,45,60,104
XAX1945,21,16,45,70
XAX1946,29,13,63,85
XAX1947,51,43,49,74
XAX1948,24,35,22,64
XAX1949,29,29,51,57
XAX195,33,45,31,104
XAX1950,0,4,15,33
XAX1951,53,24,97,110
XAX1952,19,19,20,45
XAX1953,10,13,17,17
XAX1954,22,21,51,41
XAX1955,44,26,52,72
XAX1956,71,78,93,139
XAX1957,5,4,11,14
XAX1958,10,2,10,31
XAX1959,44,27,45,83
XAX196,13,18,30,46
XAX1960,16,26,22,43
XAX1961,23,14,16,25
XAX1962,36,15,46,88
XAX1963,20,53,21,101
XAX1964,26,15,15,63
XAX1965,71,41,86,129
XAX1966,38,29,72,72
XAX1967,20,18,21,46
XAX1968,38,37,48,121
XAX1969,20,2,22,53
XAX197,30,17,46,64
XAX1970,10,38,15,36
XAX1971,45,69,76,100
XAX1972,28,24,22,60
XAX1973,54,42,58,75
XAX1974,17,10,14,23
XAX1975,63,46,62,91
XAX1976,63,39,81,93
XAX1977,23,24,43,39
XAX1978,50,46,68,70
XAX1979,52,52,38,76
XAX198,14,14,28,40
XAX1980,7,17,28,31
XAX1981,53,98,80,74
XAX1982,49,39,94,94
XAX1983,26,50,43,97
XAX1984,20,25,47,54
XAX1985,21,14,20,76
XAX1986,37,18,49,73
XAX1987,69,52,73,69
XAX1988,50,31,69,133
XAX1989,32,20,44,108
XAX199,19,15,40,59
XAX1990,15,16,16,52
XAX1991,44,21,65,83
XAX1992,6,22,11,56
XAX1993,23,18,51,48
XAX1994,36,50,51,94
XAX1995,75,51,86,128
XAX1996,8,45,8,29
XAX1997,24,24,18,35
XAX1998,7,21,14,49
XAX1999,18,32,27,71
XAX2,43,22,56,57
XAX20,30,20,39,51
XAX200,35,28,50,66
XAX2000,17,18,23,59
XAX2001,16,22,22,38
XAX2002,17,29,25,6
XAX2003,10,8,11,51
XAX2004,38,25,65,81
XAX2005,28,52,32,74
XAX2006,74,77,99,136
XAX2007,47,42,56,108
XAX2008,9,19,25,41
XAX2009,17,11,8,38
XAX201,54,44,70,119
XAX2010,31,22,61,74
XAX2012,28,62,35,80
XAX2013,35,25,55,43
XAX2014,14,14,27,34
XAX2015,20,24,26,66
XAX2016,65,43,79,92
XAX2019,27,29,46,64
XAX2020,9,6,15,19
XAX2021,9,26,37,50
XAX2022,40,8,37,54
XAX2023,38,28,33,65
XAX2024,34,21,37,66
XAX2025,38,70,28,87
XAX2026,17,5,18,30
XAX2027,31,57,67,80
XAX2028,19,18,12,37
XAX203,12,15,16,24
XAX2030,75,121,80,153
XAX2031,29,20,23,50
XAX2032,14,12,29,32
XAX2033,32,24,46,90
XAX2035,35,35,58,70
XAX2036,42,22,37,69
XAX2037,86,89,82,82
XAX2038,34,34,16,61
XAX2039,21,15,13,68
XAX204,15,7,21,42
XAX2040,29,24,25,48
XAX2041,13,12,14,32
XAX2043,14,20,28,20
XAX2044,40,45,53,74
XAX2045,34,16,26,55
XAX2046,38,38,73,62
XAX2047,28,8,46,39
XAX2048,23,32,33,44
XAX2049,36,35,45,73
XAX205,20,4,43,48
XAX2050,64,60,45,102
XAX2051,70,50,86,111
XAX2052,64,67,60,122
XAX2053,17,14,15,43
XAX2054,23,27,27,97
XAX2055,63,38,82,112
XAX2056,43,46,42,83
XAX2057,17,41,12,29
XAX2058,9,10,10,29
XAX2059,19,23,19,47
XAX206,21,24,41,69
XAX2060,13,5,19,37
XAX2061,29,26,52,43
XAX2062,18,43,47,38
XAX2063,31,32,52,81
XAX2064,19,29,44,66
XAX2065,22,8,21,57
XAX2066,5,8,13,25
XAX2067,22,5,45,39
XAX2068,19,9,43,35
XAX2069,64,18,60,79
XAX207,9,14,22,31
XAX2070,70,31,45,95
XAX2071,114,90,113,222
XAX2072,6,0,6,11
XAX2073,21,19,25,36
XAX2074,123,129,124,233
XAX2075,28,33,41,37
XAX2077,10,2,13,49
XAX2078,50,41,68,94
XAX2079,32,24,41,59
XAX2080,36,40,71,69
XAX2081,24,39,34,90
XAX2082,7,20,15,40
XAX2083,30,22,51,64
XAX2084,68,60,88,92
XAX2085,26,5,22,23
XAX2086,14,7,13,44
XAX2087,20,52,26,42
XAX2088,46,29,56,64
XAX2089,23,22,33,58
XAX209,11,8,22,28
XAX2090,21,16,25,30
XAX2091,10,5,15,67
XAX2092,22,11,21,33
XAX2093,28,19,36,60
XAX2094,21,36,17,68
XAX2095,23,16,15,30
XAX2096,6,5,8,7
XAX2097,21,31,31,47
XAX2098,5,8,16,45
XAX2099,20,34,37,48
XAX21,89,65,106,155
XAX210,7,11,15,28
XAX2100,13,11,14,35
XAX2101,68,57,70,114
XAX2102,28,10,40,44
XAX2103,19,9,14,39
XAX2104,32,17,30,58
XAX2105,6,19,12,34
XAX2106,38,31,50,69
XAX2107,54,34,74,73
XAX2108,16,21,23,42
XAX2109,9,23,19,17
XAX211,22,34,32,56
XAX2110,19,10,15,80
XAX2111,23,14,22,70
XAX2112,22,79,46,62
XAX2113,16,26,21,36
XAX2114,29,26,56,55
XAX2115,54,39,65,85
XAX2116,30,34,68,60
XAX2117,31,1,14,62
XAX2118,16,17,21,48
XAX2119,8,14,15,26
XAX212,30,27,42,89
XAX2120,35,29,61,56
XAX2121,72,70,43,100
XAX2122,15,5,26,57
XAX2123,31,25,50,85
XAX2124,35,25,57,69
XAX2125,41,45,61,75
XAX2126,88,51,106,163
XAX2127,42,56,78,71
XAX2128,8,13,7,19
XAX2129,31,14,50,46
XAX213,37,31,59,53
XAX2130,4,14,17,17
XAX2131,49,28,55,65
XAX2132,10,11,15,71
XAX2133,24,21,22,96
XAX2134,12,12,13,38
XAX2135,17,25,54,51
XAX2136,36,38,56,99
XAX2137,14,9,9,22
XAX2138,53,56,72,66
XAX2139,7,4,16,55
XAX214,46,22,50,84
XAX2140,25,24,32,53
XAX2141,16,5,16,62
XAX2142,12,7,21,49
XAX2143,17,25,25,36
XAX2144,14,36,25,31
XAX2145,22,94,34,71
XAX2146,28,14,29,41
XAX2147,38,30,49,69
XAX2149,38,27,45,73
XAX215,6,2,4,6
XAX2150,30,37,26,47
XAX2151,14,28,14,51
XAX2152,24,14,24,46
XAX2153,27,24,46,35
XAX2154,29,22,32,43
XAX2155,30,23,32,42
XAX2156,16,18,15,46
XAX2157,17,27,27,53
XAX2158,12,40,15,31
XAX2159,38,43,56,77
XAX216,53,34,45,85
XAX2160,19,15,37,85
XAX2161,7,20,11,32
XAX2163,21,24,38,80
XAX2164,38,41,37,68
XAX2166,19,32,41,33
XAX2167,11,12,13,24
XAX2169,22,23,33,41
XAX217,11,17,17,37
XAX2170,10,13,20,50
XAX2171,9,0,10,15
XAX2174,23,16,33,60
XAX2175,15,21,25,46
XAX2176,11,16,24,48
XAX2177,26,97,42,64
XAX2178,25,16,19,33
XAX218,7,14,15,31
XAX2180,7,12,19,38
XAX2181,13,21,21,36
XAX2183,28,22,31,44
XAX2184,16,28,15,42
XAX2185,29,28,52,69
XAX2187,44,55,44,53
XAX2188,41,49,39,79
XAX2189,33,47,60,100
XAX219,36,31,61,86
XAX2190,19,19,22,45
XAX2191,39,36,47,49
XAX2192,9,6,24,30
XAX2193,30,22,65,75
XAX2194,18,12,29,73
XAX2195,14,29,15,35
XAX2196,60,60,37,67
XAX2197,33,57,50,79
XAX2198,17,10,24,65
XAX2199,55,67,69,116
XAX22,61,47,65,79
XAX220,38,36,67,118
XAX2200,19,28,23,97
XAX2201,21,36,23,35
XAX2202,33,38,23,48
XAX2204,15,6,17,43
XAX2205,51,47,59,110
XAX2206,9,26,11,52
XAX2207,27,33,28,67
XAX2208,37,41,77,85
XAX2209,31,28,50,56
XAX221,15,16,24,41
XAX2210,23,10,24,38
XAX2211,34,14,41,48
XAX2213,25,40,61,67
XAX2214,6,5,12,50
XAX2215,12,1,12,30
XAX2218,14,9,14,18
XAX222,15,7,34,43
XAX2221,40,45,59,93
XAX2222,10,20,25,61
XAX2223,43,86,61,112
XAX2224,17,18,18,29
XAX2225,26,17,42,60
XAX2227,16,7,19,43
XAX2228,32,27,13,47
XAX2230,34,39,30,51
XAX2231,27,19,72,111
XAX2232,14,24,3,12
XAX2233,33,35,58,79
XAX2234,37,47,72,64
XAX2236,10,8,7,28
XAX2237,26,40,35,21
XAX2238,26,23,30,36
XAX2239,30,6,46,107
XAX224,42,30,54,76
XAX2240,0,7,28,34
XAX2241,25,43,28,75
XAX2242,15,16,26,51
XAX2243,55,62,61,59
XAX2244,33,10,39,74
XAX2245,51,21,57,117
XAX2246,11,5,15,46
XAX2247,7,10,13,24
XAX2248,19,10,22,55
XAX2249,123,102,113,148
XAX225,12,11,16,21
XAX2250,26,13,19,45
XAX2251,8,12,11,10
XAX2252,45,45,35,68
XAX2253,44,67,47,92
XAX2254,6,15,12,10
XAX2255,17,20,28,43
XAX2256,15,11,18,37
XAX2257,20,10,23,42
XAX2258,26,31,25,75
XAX2259,85,27,103,124
XAX226,18,12,28,54
XAX2261,21,39,15,54
XAX2262,37,25,49,67
XAX2263,22,26,28,48
XAX2264,13,12,32,27
XAX2265,36,57,67,86
XAX2266,36,33,41,49
XAX2267,5,10,8,30
XAX2269,34,16,34,51
XAX227,28,24,27,54
XAX2270,63,48,77,98
XAX2271,35,25,62,56
XAX2272,20,10,19,42
XAX2273,35,0,57,98
XAX2274,49,32,69,81
XAX2275,15,14,15,41
XAX2276,31,22,44,69
XAX2277,15,17,23,41
XAX2278,24,23,60,53
XAX2279,33,40,60,95
XAX228,50,65,72,135
XAX2280,5,7,7,7
XAX2281,10,9,16,28
XAX2282,29,18,34,48
XAX2283,35,39,49,97
XAX2284,22,21,21,52
XAX2285,27,27,57,66
XAX2286,29,10,21,65
XAX2287,19,4,26,33
XAX2288,5,13,10,14
XAX2289,16,24,27,32
XAX229,15,16,20,26
XAX2290,20,10,21,64
XAX2291,26,72,42,77
XAX2292,8,9,8,62
XAX2293,13,23,16,35
XAX2294,18,18,20,40
XAX2295,42,0,9,81
XAX2297,19,21,19,66
XAX2299,18,1,32,78
XAX23,38,18,50,60
XAX230,4,7,12,19
XAX2300,31,48,29,85
XAX2302,20,4,7,20
XAX2306,34,36,46,56
XAX2307,55,90,79,152
XAX2308,45,24,61,69
XAX2309,22,18,20,78
XAX231,63,34,77,131
XAX2310,22,22,52,51
XAX2311,35,33,44,62
XAX2312,17,7,21,53
XAX2313,22,32,32,30
XAX2314,53,124,73,75
XAX2315,37,38,25,46
XAX2316,17,18,20,41
XAX2317,52,48,57,89
XAX2318,26,12,51,62
XAX2319,71,76,90,89
XAX232,12,7,23,34
XAX2320,35,69,35,59
XAX2321,34,26,62,47
XAX2322,29,33,38,77
XAX2323,30,31,46,57
XAX2325,68,110,99,146
XAX2326,26,20,47,44
XAX2329,22,25,27,46
XAX233,11,13,22,42
XAX2330,73,52,76,123
XAX2331,37,32,53,108
XAX2332,25,51,29,77
XAX2333,25,30,37,53
XAX2334,21,14,25,44
XAX2335,26,13,36,54
XAX2336,30,21,35,37
XAX2337,13,7,21,41
XAX2338,43,25,70,68
XAX2339,22,23,25,47
XAX234,56,37,67,81
XAX2340,40,44,46,70
XAX2341,14,12,13,37
XAX2346,24,7,20,31
XAX2348,12,13,13,24
XAX235,5,1,7,10
XAX2350,36,21,62,73
XAX2351,35,10,48,56
XAX2352,53,47,82,115
XAX2354,4,13,21,51
XAX2355,12,19,38,46
XAX2357,16,12,21,46
XAX2358,21,18,22,30
XAX2359,44,35,57,70
XAX236,12,17,13,29
XAX2360,10,0,11,47
XAX2361,22,23,20,44
XAX2362,23,6,21,44
XAX2365,40,26,26,95
XAX2366,34,45,45,99
XAX2367,30,23,63,58
XAX2368,33,28,36,46
XAX2369,51,42,63,108
XAX237,31,15,42,51
XAX2370,25,18,16,45
XAX2371,22,17,30,66
XAX2373,7,18,12,44
XAX238,33,25,29,60
XAX2385,52,61,51,103
XAX2386,23,20,37,51
XAX2387,36,27,54,97
XAX2388,28,10,40,40
XAX239,7,10,12,25
XAX2398,12,17,13,28
XAX2399,46,40,74,44
XAX24,32,25,73,85
XAX240,8,7,10,22
XAX2400,39,25,61,73
XAX2401,6,15,16,53
XAX2402,114,127,139,194
XAX2403,88,60,103,127
XAX2404,15,7,27,69
XAX2405,47,49,77,88
XAX2412,34,25,20,67
XAX2417,19,17,41,34
XAX2418,72,61,75,112
XAX2419,12,17,26,49
XAX242,41,46,59,84
XAX2420,41,34,57,121
XAX2421,29,22,45,53
XAX2422,31,61,21,42
XAX2423,15,9,6,34
XAX2424,12,10,25,25
XAX2426,29,18,43,79
XAX2427,15,9,12,21
XAX2428,15,16,33,38
XAX2429,26,41,51,38
XAX243,31,52,42,96
XAX2432,23,29,20,43
XAX2434,37,17,52,53
XAX2435,23,12,40,67
XAX2436,36,27,39,79
XAX2437,58,40,69,93
XAX2438,76,80,90,178
XAX2439,71,86,75,128
XAX244,6,9,13,39
XAX2440,59,33,61,93
XAX2441,12,12,30,28
XAX2443,14,25,29,45
XAX2444,36,32,56,60
XAX2445,27,27,26,39
XAX2446,16,35,36,44
XAX2447,20,4,22,60
XAX2448,14,21,27,51
XAX2449,27,4,56,41
XAX2450,33,22,39,44
XAX2452,16,2,20,35
XAX2453,65,45,60,125
XAX2455,69,57,106,166
XAX2457,33,30,25,77
XAX2458,15,17,19,38
XAX2459,31,15,33,58
XAX246,18,10,13,58
XAX2460,37,21,31,57
XAX2463,13,0,0,0
XAX2464,26,0,0,0
XAX2469,72,82,51,87
XAX247,14,5,14,14
XAX2471,12,14,8,27
XAX2472,23,16,27,60
XAX2473,39,26,29,58
XAX2474,11,8,25,28
XAX2475,18,15,21,71
XAX2476,48,45,63,74
XAX2477,68,52,68,74
XAX2479,29,15,39,81
XAX248,37,59,33,59
XAX2480,24,18,25,39
XAX2481,20,10,21,22
XAX2482,27,43,60,122
XAX2483,17,0,0,0
XAX2484,18,12,22,30
XAX2485,67,54,71,86
XAX249,30,47,38,102
XAX2490,18,11,25,46
XAX2491,32,23,59,74
XAX2492,46,45,55,68
XAX2493,9,10,13,31
XAX2494,16,30,17,66
XAX2495,12,17,22,56
XAX2496,19,12,18,54
XAX2497,27,15,56,54
XAX25,21,13,16,48
XAX250,17,19,15,32
XAX2501,15,0,17,28
XAX2502,12,17,20,42
XAX2503,16,14,12,19
XAX2504,16,44,21,43
XAX2505,17,4,12,37
XAX2506,13,14,7,46
XAX2507,32,27,27,64
XAX2508,61,72,86,99
XAX2509,17,13,22,37
XAX251,22,26,28,66
XAX2510,18,20,41,38
XAX2511,52,48,74,95
XAX2512,31,32,41,120
XAX2513,25,12,19,34
XAX2514,21,10,30,47
XAX2515,11,8,24,57
XAX2516,0,45,31,62
XAX2517,10,9,19,24
XAX2518,6,24,11,32
XAX2519,28,15,45,38
XAX252,13,9,14,24
XAX2520,30,21,39,93
XAX2522,22,4,26,45
XAX2523,15,48,25,45
XAX2526,33,42,26,87
XAX2527,12,51,11,43
XAX2528,45,40,57,68
XAX2529,54,59,63,146
XAX253,23,11,27,47
XAX2530,22,24,37,47
XAX2531,13,18,21,35
XAX2532,20,14,47,56
XAX2533,18,35,19,61
XAX2534,32,17,27,61
XAX2535,29,27,50,90
XAX2536,16,15,20,53
XAX2537,46,64,68,129
XAX2538,39,35,52,88
XAX2539,90,90,68,115
XAX254,21,8,17,52
XAX2540,16,13,26,67
XAX2541,35,18,39,72
XAX2542,4,4,10,20
XAX2543,19,13,28,26
XAX2544,67,60,67,154
XAX2545,33,52,62,50
XAX2546,16,28,21,75
XAX2547,28,7,35,60
XAX2548,7,6,17,20
XAX2549,125,166,129,180
XAX2550,45,66,53,67
XAX2551,15,27,23,33
XAX2552,23,19,29,69
XAX2553,53,52,58,101
XAX2554,36,21,44,112
XAX2555,19,4,14,74
XAX2556,20,45,37,57
XAX2557,39,49,59,67
XAX2558,11,26,15,38
XAX2559,17,7,24,19
XAX256,43,111,49,85
XAX2560,24,18,24,47
XAX2561,26,37,30,58
XAX2562,12,18,15,35
XAX2563,17,16,26,21
XAX2564,16,34,19,19
XAX2565,11,9,28,48
XAX2566,39,98,61,122
XAX2567,17,23,23,29
XAX2568,10,83,7,8
XAX2569,9,11,16,15
XAX257,14,13,14,33
XAX2571,12,10,14,34
XAX2572,20,14,21,34
XAX2574,26,27,50,45
XAX2575,18,21,17,43
XAX2576,33,27,29,101
XAX2577,16,0,21,50
XAX2579,18,15,19,36
XAX258,42,25,55,93
XAX2580,18,11,22,45
XAX2581,29,37,40,58
XAX2582,10,10,11,22
XAX2583,7,4,7,40
XAX2584,10,6,11,31
XAX2585,8,8,15,23
XAX2586,19,18,29,28
XAX2587,51,37,77,100
XAX2588,16,6,7,32
XAX259,31,18,39,101
XAX2591,12,9,10,77
XAX2592,43,26,47,105
XAX2593,59,74,72,148
XAX2594,15,43,20,67
XAX2595,68,77,74,133
XAX2596,55,93,70,111
XAX2597,37,30,56,56
XAX2598,16,25,33,74
XAX2599,31,61,45,93
XAX26,63,48,72,116
XAX260,50,62,47,89
XAX2600,8,7,15,39
XAX2603,10,16,13,28
XAX2604,26,29,21,61
XAX2605,20,17,51,76
XAX2607,31,28,29,47
XAX2608,31,29,43,80
XAX2609,10,0,5,69
XAX261,37,34,51,69
XAX2610,11,5,15,43
XAX2611,23,8,26,63
XAX2612,21,25,47,85
XAX2613,11,31,19,29
XAX2614,30,26,57,62
XAX2615,39,18,55,87
XAX2616,32,82,23,99
XAX2617,66,25,70,106
XAX2618,12,24,17,27
XAX2619,14,29,29,50
XAX262,18,12,18,36
XAX2620,34,42,55,72
XAX2621,33,36,15,63
XAX2626,27,30,38,41
XAX2627,13,17,19,27
XAX2628,37,34,39,98
XAX2629,20,39,23,55
XAX2630,24,20,29,65
XAX2631,23,18,22,51
XAX2633,8,23,14,69
XAX2634,15,17,16,25
XAX2636,18,28,14,37
XAX2637,17,5,24,66
XAX2638,24,27,21,52
XAX2639,26,17,47,43
XAX264,81,58,92,143
XAX2640,4,5,12,15
XAX2641,26,28,61,75
XAX2642,25,9,47,53
XAX2643,15,18,14,56
XAX2644,15,9,20,31
XAX2645,6,13,12,36
XAX2646,16,9,15,32
XAX2647,21,14,39,56
XAX2648,33,14,32,80
XAX2649,21,18,17,65
XAX265,26,22,46,72
XAX2650,20,10,22,68
XAX2651,19,20,21,38
XAX2652,32,26,32,78
XAX2653,20,9,19,38
XAX2654,9,4,9,15
XAX2656,24,9,25,3
XAX2658,30,43,55,64
XAX2659,10,5,14,16
XAX266,29,15,14,57
XAX2660,8,12,15,27
XAX2662,21,10,9,45
XAX2663,16,28,28,59
XAX2664,14,10,26,23
XAX2665,21,23,46,51
XAX2666,14,8,21,45
XAX2667,17,5,17,30
XAX2668,21,16,40,75
XAX267,26,3,27,65
XAX2671,33,38,41,84
XAX2672,12,31,18,38
XAX2674,11,13,18,30
XAX2678,19,25,23,27
XAX2679,61,30,74,77
XAX268,34,13,46,63
XAX2680,15,13,17,34
XAX2681,17,20,36,42
XAX2682,35,34,42,50
XAX2683,9,9,13,18
XAX2684,23,14,30,43
XAX2687,39,18,43,56
XAX2688,50,17,56,104
XAX269,57,17,76,159
XAX2690,53,13,37,68
XAX2691,40,21,45,70
XAX2692,21,15,46,48
XAX2693,35,54,42,57
XAX2694,12,11,18,37
XAX2695,29,55,46,96
XAX2696,10,12,20,30
XAX2697,36,33,35,107
XAX27,38,20,26,31
XAX2700,28,32,32,54
XAX2702,23,14,27,46
XAX2703,23,6,22,59
XAX2704,8,13,17,33
XAX2705,28,11,30,57
XAX2706,27,25,37,51
XAX2708,44,104,38,142
XAX271,19,7,19,33
XAX2710,39,27,38,61
XAX2711,29,28,25,58
XAX2712,19,45,26,44
XAX2713,33,23,47,116
XAX2714,26,28,49,68
XAX2715,62,37,73,104
XAX2716,78,86,110,157
XAX2717,27,13,42,57
XAX2718,4,4,15,76
XAX2719,25,26,28,82
XAX272,26,23,30,91
XAX2720,17,15,26,59
XAX2721,19,1,15,11
XAX2722,121,97,119,186
XAX2723,23,13,38,54
XAX2724,8,2,25,69
XAX2725,23,4,44,69
XAX2726,29,25,34,102
XAX2727,14,8,13,53
XAX2728,36,24,43,85
XAX2729,40,43,65,76
XAX273,15,10,20,21
XAX2730,8,9,11,35
XAX2732,22,24,31,104
XAX2733,17,10,16,70
XAX2734,25,22,34,78
XAX2735,17,25,26,42
XAX2739,12,8,18,41
XAX274,15,9,21,27
XAX2740,14,30,18,65
XAX2747,19,39,32,64
XAX2748,12,13,10,27
XAX2749,13,11,12,38
XAX275,44,36,21,98
XAX2751,35,28,33,63
XAX2752,26,7,61,74
XAX2753,20,12,16,35
XAX2754,16,10,21,30
XAX2755,37,15,40,58
XAX2756,4,0,0,0
XAX2757,23,29,29,66
XAX2758,16,11,17,22
XAX276,13,10,12,24
XAX2760,8,1,10,22
XAX2761,14,14,13,48
XAX2762,30,16,31,63
XAX2763,9,12,10,34
XAX2764,43,58,88,116
XAX2765,9,7,7,16
XAX2766,20,57,20,63
XAX2767,58,73,66,122
XAX2768,43,71,45,115
XAX2769,22,18,25,81
XAX277,49,48,78,155
XAX2771,21,13,25,37
XAX2772,12,13,17,38
XAX2774,6,24,9,36
XAX2777,40,54,53,132
XAX2778,18,11,21,42
XAX278,34,17,61,98
XAX2780,60,64,82,98
XAX2781,59,129,86,116
XAX2782,57,49,75,106
XAX2783,28,21,28,76
XAX2784,21,21,30,61
XAX2785,10,15,14,12
XAX2786,27,43,19,70
XAX2787,12,15,16,26
XAX2788,29,30,29,67
XAX2789,17,23,17,26
XAX279,8,8,14,23
XAX2791,16,16,16,28
XAX2792,9,7,13,32
XAX2793,18,29,20,53
XAX2794,19,22,27,29
XAX2795,28,24,26,72
XAX2796,18,5,17,61
XAX2797,25,40,36,56
XAX2799,66,19,56,170
XAX28,33,12,35,62
XAX280,16,9,14,38
XAX2803,36,5,35,48
XAX2804,30,20,39,62
XAX2805,15,13,14,29
XAX2806,26,41,12,84
XAX2807,10,18,28,40
XAX2808,22,16,48,52
XAX2809,25,8,49,53
XAX281,15,16,23,40
XAX2810,13,12,17,29
XAX2811,14,22,22,58
XAX2812,14,32,47,86
XAX2813,28,20,55,55
XAX2814,10,0,14,25
XAX2815,13,11,16,40
XAX2816,8,19,12,24
XAX2817,24,21,16,67
XAX2818,45,8,53,93
XAX2819,13,15,20,49
XAX282,32,16,57,75
XAX2820,30,19,41,57
XAX2821,14,8,13,58
XAX2822,30,21,61,86
XAX2823,28,15,37,58
XAX2825,10,20,22,59
XAX2827,40,22,69,106
XAX2828,21,7,31,25
XAX283,22,16,19,38
XAX2830,19,22,23,69
XAX2831,47,60,59,82
XAX2832,10,19,13,38
XAX2833,8,18,19,22
XAX2836,16,11,27,59
XAX2838,62,30,67,121
XAX284,46,12,40,105
XAX2841,44,58,35,61
XAX2842,17,18,16,43
XAX2843,28,13,25,48
XAX2844,27,38,54,63
XAX2845,18,14,20,32
XAX2846,40,51,56,108
XAX2847,50,77,93,164
XAX2849,15,5,16,42
XAX285,38,70,53,75
XAX2850,23,15,33,57
XAX2852,43,51,60,63
XAX2853,29,51,37,102
XAX2854,23,32,43,70
XAX2855,40,15,61,88
XAX2856,20,34,45,50
XAX2857,55,42,61,105
XAX2859,21,18,17,46
XAX286,28,34,40,70
XAX2860,68,34,59,111
XAX2861,34,28,41,77
XAX2862,63,62,73,122
XAX2864,31,63,44,91
XAX2865,63,77,55,99
XAX2866,8,25,12,38
XAX2867,12,32,25,33
XAX2869,39,16,52,70
XAX287,50,32,45,74
XAX2871,13,15,16,31
XAX2872,43,12,34,64
XAX2873,13,13,12,20
XAX2874,24,15,31,27
XAX288,16,15,19,44
XAX2881,17,43,28,24
XAX2882,14,25,49,44
XAX2883,14,14,21,46
XAX2884,84,49,89,169
XAX2885,22,38,16,13
XAX2886,21,7,21,65
XAX2888,28,36,35,66
XAX2889,57,71,71,113
XAX289,2,4,6,10
XAX2890,38,32,26,72
XAX2891,74,24,76,122
XAX2892,37,37,50,90
XAX2893,31,20,45,64
XAX2894,18,16,13,34
XAX2897,15,25,17,47
XAX2898,12,30,11,27
XAX2899,3,7,15,25
XAX29,60,35,84,99
XAX290,10,12,15,40
XAX2900,12,40,14,40
XAX2901,24,14,22,66
XAX2902,3,20,10,33
XAX2903,13,11,12,33
XAX2904,6,6,13,29
XAX2905,6,9,9,24
XAX2906,10,14,13,35
XAX2908,10,4,15,28
XAX2909,19,19,28,30
XAX2910,25,17,52,53
XAX2911,25,13,47,52
XAX2912,32,27,54,56
XAX2913,22,11,25,34
XAX2914,31,44,68,70
XAX2915,12,23,14,31
XAX2916,8,11,17,29
XAX2917,9,13,11,12
XAX2918,10,20,12,53
XAX292,25,19,26,56
XAX2920,48,64,57,83
XAX2921,109,162,148,184
XAX2922,43,85,83,109
XAX2923,86,78,109,143
XAX2924,49,36,55,108
XAX2925,31,16,15,32
XAX2926,13,21,12,36
XAX2927,43,27,50,69
XAX2928,54,85,68,113
XAX2929,42,33,63,94
XAX293,6,3,15,42
XAX2931,19,17,26,60
XAX2932,34,31,30,105
XAX2933,23,17,27,59
XAX2934,19,17,24,34
XAX2935,21,22,28,41
XAX2936,30,11,23,48
XAX2937,41,47,64,68
XAX2938,19,14,27,44
XAX2939,22,20,31,53
XAX294,16,8,19,41
XAX2941,11,19,13,51
XAX2945,27,21,36,71
XAX2946,0,3,14,29
XAX2947,23,24,26,71
XAX2948,5,15,14,32
XAX295,32,12,42,67
XAX2950,28,26,25,32
XAX2951,37,15,47,69
XAX2952,29,38,44,80
XAX2953,16,30,28,66
XAX2954,9,13,8,41
XAX2955,38,19,32,68
XAX2956,20,25,21,81
XAX2957,48,27,44,68
XAX2958,47,29,84,88
XAX2959,18,12,21,55
XAX296,15,7,16,33
XAX2962,13,26,15,24
XAX2963,14,12,14,23
XAX2964,16,41,24,45
XAX2965,5,36,17,41
XAX2966,27,25,62,63
XAX2967,23,30,51,87
XAX2968,19,12,23,44
XAX297,33,33,50,109
XAX2973,20,32,30,47
XAX2978,42,34,49,103
XAX298,23,18,25,45
XAX2980,41,79,50,127
XAX2984,0,0,0,0
XAX2985,28,28,33,86
XAX2986,33,20,50,57
XAX2987,16,26,16,22
XAX2988,22,23,17,48
XAX2989,17,30,9,37
XAX299,26,27,45,78
XAX2990,39,25,72,122
XAX2991,32,26,56,98
XAX2992,47,44,81,91
XAX2993,20,36,31,46
XAX2994,33,24,64,101
XAX2996,14,9,21,56
XAX3,24,17,40,62
XAX30,20,9,22,34
XAX300,16,17,30,56
XAX3004,16,15,32,49
XAX3008,4,2,8,20
XAX301,19,19,43,65
XAX3014,15,10,20,44
XAX3017,20,14,32,57
XAX3018,38,45,36,80
XAX302,18,5,18,42
XAX303,7,5,16,19
XAX3035,23,9,33,33
XAX304,33,31,39,78
XAX3043,1,0,0,0
XAX3044,11,6,19,56
XAX305,9,6,9,21
XAX3053,32,31,25,64
XAX3055,33,48,43,81
XAX3056,23,19,28,69
XAX3057,26,19,40,76
XAX3058,22,8,26,27
XAX3059,19,8,16,41
XAX306,26,28,42,67
XAX3060,8,6,19,0
XAX3061,15,33,20,28
XAX3067,7,17,3,34
XAX307,36,21,61,89
XAX3075,21,55,27,60
XAX3077,28,17,27,109
XAX3078,16,25,17,41
XAX308,33,21,51,66
XAX3081,20,40,24,27
XAX3087,5,8,16,18
XAX3088,24,15,38,45
XAX309,18,18,24,32
XAX3093,40,60,37,88
XAX31,37,32,58,94
XAX310,10,13,39,34
XAX3102,32,22,34,49
XAX3103,12,14,21,18
XAX3106,24,7,43,88
XAX3107,22,10,12,77
XAX311,2,1,2,10
XAX3112,32,28,53,88
XAX3114,2,12,17,6
XAX3118,15,5,9,42
XAX3119,6,3,14,41
XAX312,2,0,10,9
XAX313,40,57,31,88
XAX3136,14,13,21,59
XAX3137,26,26,22,44
XAX314,20,18,29,58
XAX3149,28,8,22,29
XAX315,13,16,32,39
XAX3150,35,56,63,62
XAX3151,17,12,18,33
XAX3159,20,10,10,10
XAX316,18,11,16,58
XAX3163,13,9,12,61
XAX3167,10,3,6,18
XAX3169,26,16,21,66
XAX317,17,10,27,71
XAX3170,23,13,18,49
XAX3177,22,22,21,34
XAX318,21,11,15,56
XAX3180,25,5,32,41
XAX3182,7,14,8,25
XAX3188,9,5,19,50
XAX319,54,43,57,105
XAX3191,14,9,12,20
XAX3192,29,17,31,71
XAX3197,16,2,22,54
XAX32,8,6,11,20
XAX320,4,0,6,16
XAX3200,9,18,6,36
XAX3201,28,46,44,116
XAX3205,30,36,34,137
XAX3206,29,5,42,73
XAX3207,24,21,34,50
XAX3208,54,65,75,172
XAX3209,55,81,59,113
XAX321,38,29,45,88
XAX3210,43,9,48,82
XAX3212,7,0,0,0
XAX3213,24,20,43,102
XAX3214,42,14,44,146
XAX3215,35,23,34,58
XAX3216,27,24,54,102
XAX3217,11,14,11,46
XAX3218,93,97,66,145
XAX3219,38,41,58,103
XAX322,51,29,55,84
XAX3220,47,76,58,91
XAX3221,25,18,41,49
XAX3222,23,17,26,40
XAX3223,29,39,28,52
XAX3224,38,20,38,76
XAX3225,31,13,39,82
XAX3226,33,78,46,106
XAX3227,35,60,54,100
XAX3228,21,7,25,41
XAX3229,18,12,15,37
XAX323,5,4,12,24
XAX3230,30,33,61,91
XAX3231,26,23,20,46
XAX3232,54,62,89,132
XAX3233,53,35,66,84
XAX3234,15,9,24,39
XAX3235,10,0,12,18
XAX3236,0,15,8,58
XAX3237,49,32,62,91
XAX3239,80,96,108,128
XAX324,14,14,16,29
XAX3241,43,50,44,99
XAX3243,39,18,56,91
XAX3245,14,16,22,30
XAX3247,30,27,47,57
XAX3248,17,26,21,62
XAX325,24,24,31,49
XAX3250,23,13,12,35
XAX3251,31,29,27,72
XAX3252,11,1,16,62
XAX3253,12,15,14,49
XAX3254,34,21,43,66
XAX3255,13,26,25,57
XAX3258,49,40,58,93
XAX3259,65,57,109,133
XAX326,11,8,18,28
XAX3260,43,19,53,68
XAX3261,103,98,91,98
XAX3262,36,17,64,77
XAX3265,44,36,69,88
XAX3266,9,16,11,35
XAX3267,42,45,39,84
XAX3268,27,26,36,47
XAX3269,11,17,21,22
XAX327,3,4,8,17
XAX3270,24,0,28,56
XAX3271,23,11,20,79
XAX3273,11,28,12,46
XAX3274,29,20,19,91
XAX3276,20,39,21,47
XAX3277,46,54,52,118
XAX3278,32,30,48,104
XAX3279,28,24,27,118
XAX328,10,26,23,46
XAX3280,12,8,15,61
XAX3281,29,33,39,60
XAX3282,39,39,30,51
XAX3283,42,32,59,99
XAX3284,42,38,37,87
XAX3285,29,15,19,70
XAX3286,17,13,28,64
XAX3288,21,15,0,45
XAX3289,10,11,11,39
XAX329,39,11,48,64
XAX3290,48,24,49,122
XAX3291,18,16,23,53
XAX3292,17,17,16,41
XAX3293,11,19,27,36
XAX3294,39,36,55,111
XAX3295,33,50,38,67
XAX3296,4,15,28,14
XAX3297,32,23,36,120
XAX3298,43,31,53,115
XAX33,10,28,15,52
XAX330,40,10,39,69
XAX3300,23,17,19,34
XAX3301,17,22,18,58
XAX3302,6,2,3,40
XAX3303,4,8,13,20
XAX3304,23,4,28,75
XAX3305,13,6,14,28
XAX3307,31,21,37,47
XAX3308,54,120,64,128
XAX3309,7,7,13,36
XAX331,68,47,89,126
XAX3310,21,21,51,51
XAX3311,9,8,12,19
XAX3313,14,35,10,22
XAX3319,75,102,99,201
XAX332,34,27,19,67
XAX3320,10,6,16,26
XAX3322,17,37,19,48
XAX3324,33,19,34,50
XAX3328,29,20,54,63
XAX3329,35,27,42,51
XAX333,21,12,28,38
XAX3331,38,17,24,103
XAX3332,32,23,48,53
XAX3334,34,29,46,65
XAX3336,12,17,20,47
XAX3337,15,8,22,35
XAX3339,17,20,28,48
XAX334,9,8,14,20
XAX3342,35,33,38,56
XAX3344,47,59,54,89
XAX3347,18,52,36,71
XAX3348,12,15,13,49
XAX3349,17,29,39,51
XAX335,25,18,46,87
XAX3350,24,88,48,87
XAX3351,78,54,77,175
XAX3352,33,23,33,67
XAX336,16,11,19,32
XAX3360,25,22,38,106
XAX3362,19,32,47,68
XAX3363,37,34,57,59
XAX3364,16,16,18,42
XAX3366,71,77,92,157
XAX3367,20,10,39,47
XAX337,9,21,12,36
XAX3370,27,36,39,46
XAX3371,8,16,9,48
XAX3372,9,18,25,40
XAX3379,38,32,30,87
XAX338,15,34,19,42
XAX3380,39,39,44,106
XAX3381,28,22,22,45
XAX3382,48,62,67,117
XAX3383,40,37,80,95
XAX3384,18,4,13,42
XAX3386,16,29,20,49
XAX3387,39,46,56,82
XAX3388,19,34,22,79
XAX3389,14,30,16,100
XAX339,4,8,4,18
XAX3390,19,79,30,53
XAX3391,40,49,54,143
XAX3394,27,0,59,63
XAX3395,36,27,50,60
XAX3397,6,29,7,31
XAX34,22,11,29,42
XAX340,34,17,50,83
XAX3400,21,19,24,56
XAX3401,14,0,14,73
XAX3402,27,23,34,86
XAX3403,30,126,55,82
XAX3404,21,3,17,61
XAX3406,8,15,21,36
XAX3407,55,10,79,90
XAX3408,59,59,66,115
XAX3409,29,30,31,77
XAX341,15,15,16,34
XAX3412,24,36,26,39
XAX3415,11,20,16,22
XAX3417,13,1,15,44
XAX3418,25,41,30,101
XAX342,15,11,19,32
XAX3420,15,12,9,29
XAX3422,6,29,19,19
XAX3423,23,21,44,70
XAX3425,23,29,24,46
XAX3427,27,5,30,56
XAX3428,54,41,89,136
XAX3429,28,12,34,55
XAX343,14,11,17,46
XAX3430,17,24,27,54
XAX3431,33,44,44,100
XAX3432,15,0,15,78
XAX3433,19,25,35,94
XAX3434,18,27,44,53
XAX3435,24,25,30,33
XAX3436,33,23,51,58
XAX3439,42,36,64,111
XAX344,15,11,25,39
XAX3441,8,4,7,20
XAX3443,11,45,21,58
XAX3445,21,24,41,61
XAX3447,22,4,17,33
XAX345,39,25,71,93
XAX3453,25,9,31,62
XAX3454,55,56,77,106
XAX3455,16,4,12,54
XAX3458,18,0,3,0
XAX3459,23,19,50,63
XAX346,19,21,17,35
XAX3460,47,84,60,110
XAX3461,29,37,40,113
XAX3462,17,53,35,104
XAX3463,35,28,34,89
XAX3464,19,40,32,91
XAX3465,26,40,35,104
XAX3469,22,22,22,32
XAX347,7,15,11,7
XAX3471,15,14,11,43
XAX3472,84,60,86,144
XAX3473,25,18,41,54
XAX3474,24,17,2,31
XAX3475,13,22,22,42
XAX3476,22,22,26,52
XAX3477,8,15,16,36
XAX3478,130,77,128,284
XAX348,24,15,20,60
XAX3480,16,14,24,47
XAX3481,11,12,17,25
XAX3482,9,13,11,26
XAX3483,14,7,13,31
XAX3484,34,62,43,82
XAX3485,28,9,24,47
XAX3486,32,26,41,76
XAX3487,19,15,43,48
XAX3488,10,20,25,40
XAX3489,39,18,30,94
XAX3490,24,11,36,67
XAX3491,6,9,11,8
XAX3492,46,51,56,90
XAX3493,32,64,30,79
XAX3494,27,54,42,63
XAX3495,65,47,57,122
XAX3497,29,29,52,41
XAX3498,28,12,31,50
XAX3499,19,20,40,38
XAX35,50,40,63,101
XAX350,31,42,48,59
XAX3500,43,0,40,63
XAX3501,18,40,20,41
XAX3502,27,39,49,77
XAX3503,14,11,15,29
XAX3505,22,26,32,56
XAX351,2,6,7,0
XAX3510,15,21,46,75
XAX3511,60,56,62,122
XAX3513,25,30,51,49
XAX3514,17,5,19,40
XAX3515,30,52,46,52
XAX3516,46,118,66,148
XAX3518,7,11,14,40
XAX352,4,2,9,9
XAX3520,23,21,11,70
XAX3522,16,19,13,54
XAX3523,33,93,43,94
XAX3524,19,53,32,100
XAX3525,98,85,112,172
XAX3526,31,25,43,83
XAX3527,29,11,30,75
XAX3528,23,23,32,41
XAX3529,42,64,50,91
XAX353,29,17,27,57
XAX3531,44,36,60,101
XAX3533,35,17,41,65
XAX3534,28,22,53,55
XAX3535,26,15,47,61
XAX3537,65,67,66,109
XAX3538,26,18,30,78
XAX354,16,8,23,27
XAX3541,14,13,11,17
XAX3543,14,10,17,18
XAX3544,6,22,5,23
XAX3545,13,6,10,37
XAX3546,12,20,19,25
XAX3547,18,8,14,34
XAX3548,17,1,26,37
XAX3549,30,30,48,58
XAX355,4,13,16,47
XAX356,13,11,12,43
XAX3560,35,54,45,89
XAX3561,13,11,12,28
XAX3562,0,10,5,32
XAX3563,16,16,15,32
XAX3564,23,10,35,86
XAX3565,4,8,13,52
XAX3566,41,17,46,62
XAX3567,6,2,9,12
XAX3568,46,120,62,119
XAX3569,53,53,31,54
XAX357,9,9,28,23
XAX3570,39,26,59,81
XAX3571,17,41,42,65
XAX3572,23,18,45,71
XAX3573,37,29,48,89
XAX358,18,14,20,30
XAX3580,38,25,46,81
XAX3581,37,19,45,54
XAX3582,84,65,100,139
XAX3583,17,46,20,53
XAX3584,0,7,12,9
XAX3585,38,31,22,61
XAX3587,20,113,50,79
XAX3588,48,27,45,72
XAX3589,29,19,40,47
XAX359,41,33,56,82
XAX3590,51,71,77,147
XAX3591,26,59,23,72
XAX3595,72,18,72,149
XAX3596,31,18,54,69
XAX3597,26,82,44,66
XAX3598,4,5,8,31
XAX36,40,54,54,85
XAX360,26,10,32,57
XAX3601,13,11,14,64
XAX3602,18,14,24,63
XAX3607,11,11,18,32
XAX3608,26,37,45,56
XAX3609,28,22,18,144
XAX361,21,18,39,51
XAX3610,12,3,18,45
XAX3611,23,94,18,94
XAX3612,12,8,13,29
XAX3616,24,44,37,51
XAX362,6,5,8,22
XAX3620,55,128,80,142
XAX3621,11,9,14,69
XAX3623,7,2,6,12
XAX3624,33,29,41,75
XAX3625,5,29,3,31
XAX3626,21,4,22,63
XAX3627,29,34,49,92
XAX363,17,14,18,40
XAX3630,53,36,72,108
XAX3631,41,38,46,101
XAX3632,17,12,41,35
XAX3633,32,32,52,50
XAX3634,16,8,23,18
XAX3637,0,0,0,1
XAX3639,12,24,21,67
XAX364,23,19,27,50
XAX3640,12,4,26,30
XAX3641,22,7,48,37
XAX3643,15,12,28,26
XAX3644,24,32,24,50
XAX3645,55,12,56,98
XAX3648,45,51,78,156
XAX365,38,25,61,122
XAX3650,10,8,13,34
XAX3652,34,25,51,62
XAX3656,4,4,9,25
XAX3658,20,7,14,28
XAX3659,11,11,12,36
XAX366,29,17,44,59
XAX3660,21,14,35,40
XAX368,15,16,32,45
XAX369,30,27,40,48
XAX3693,16,5,12,6
XAX37,21,22,46,68
XAX370,6,8,20,18
XAX3700,24,22,36,66
XAX3701,16,18,19,41
XAX3702,44,27,52,124
XAX3705,106,95,110,120
XAX3708,35,73,44,46
XAX3709,7,0,9,69
XAX371,50,73,64,125
XAX3710,13,6,9,39
XAX3712,34,25,46,86
XAX3716,5,10,18,34
XAX3717,13,5,14,37
XAX372,27,20,42,61
XAX3720,31,14,31,66
XAX3722,23,15,46,43
XAX3725,8,16,13,33
XAX3726,24,29,58,81
XAX3728,13,19,35,48
XAX3729,71,30,84,130
XAX373,10,18,19,37
XAX3730,49,57,53,110
XAX3731,33,85,35,115
XAX3732,52,47,77,147
XAX3733,5,4,11,41
XAX3734,15,20,18,39
XAX3738,28,17,36,47
XAX3739,57,42,64,97
XAX374,20,29,28,42
XAX3741,17,5,14,64
XAX3742,33,33,47,57
XAX3747,15,15,35,48
XAX3748,34,53,45,85
XAX3749,21,26,46,65
XAX375,20,14,42,69
XAX3750,27,39,35,79
XAX3751,51,81,58,127
XAX3754,18,19,21,34
XAX3757,79,94,73,129
XAX3758,19,19,16,18
XAX376,30,15,39,65
XAX3760,15,10,29,43
XAX3761,25,7,47,48
XAX3762,44,40,26,98
XAX3763,22,28,25,89
XAX3764,36,25,46,104
XAX3765,20,16,44,41
XAX3768,19,14,23,72
XAX3770,5,7,12,17
XAX3771,37,53,41,53
XAX3772,6,5,20,28
XAX3773,55,63,70,117
XAX3774,19,14,34,42
XAX3775,8,15,5,32
XAX3777,17,107,25,92
XAX3778,61,55,77,158
XAX378,11,13,15,31
XAX3780,16,13,20,45
XAX3781,22,7,18,29
XAX3782,15,18,17,57
XAX3783,34,25,37,72
XAX3784,23,30,42,54
XAX3785,12,10,17,51
XAX3786,34,64,36,120
XAX3789,52,80,76,115
XAX379,28,22,40,69
XAX3790,25,3,36,47
XAX3791,34,18,49,53
XAX3792,28,13,52,40
XAX3794,48,44,58,100
XAX3795,25,7,12,63
XAX3796,19,36,14,52
XAX3799,31,19,59,65
XAX38,21,30,29,35
XAX380,0,5,10,19
XAX3801,45,44,68,83
XAX3802,53,89,48,116
XAX3803,8,4,10,39
XAX3804,23,5,12,100
XAX3805,68,47,33,95
XAX3806,30,24,53,55
XAX3807,26,31,37,52
XAX3809,13,10,19,34
XAX381,75,56,90,121
XAX3810,6,12,18,22
XAX3812,18,6,16,51
XAX382,33,34,39,60
XAX3823,51,33,73,102
XAX3824,43,94,72,41
XAX3825,24,14,36,49
XAX3826,26,21,31,52
XAX3827,30,3,24,57
XAX3828,32,16,31,76
XAX3829,21,8,27,54
XAX383,36,36,4,66
XAX3830,9,21,17,21
XAX3831,22,8,28,56
XAX3833,54,101,83,160
XAX3835,17,23,22,48
XAX3837,26,33,44,77
XAX3838,23,17,38,34
XAX384,22,19,47,70
XAX3840,29,40,59,75
XAX3842,17,36,40,53
XAX3843,26,9,45,52
XAX3844,0,0,0,0
XAX3847,27,28,28,61
XAX3848,79,156,73,144
XAX385,15,15,16,24
XAX3850,48,42,53,80
XAX3851,33,14,51,91
XAX3852,13,10,21,21
XAX3853,23,26,25,55
XAX3857,22,12,26,57
XAX3858,4,28,14,28
XAX386,24,12,46,56
XAX3860,23,15,29,44
XAX3861,28,27,41,75
XAX3864,35,69,58,122
XAX3867,26,33,56,64
XAX3868,30,3,47,82
XAX3869,8,3,11,10
XAX387,18,12,22,33
XAX3872,60,37,83,115
XAX3874,25,19,49,94
XAX3875,18,29,16,46
XAX3876,8,12,20,17
XAX3877,16,11,15,24
XAX388,27,13,30,46
XAX3883,43,42,54,102
XAX3884,25,11,22,48
XAX3886,14,14,34,36
XAX3887,20,16,20,62
XAX3888,38,79,50,93
XAX3889,4,9,9,36
XAX389,25,49,38,81
XAX3891,29,40,22,43
XAX3893,23,34,28,52
XAX3894,22,18,33,49
XAX3896,23,21,37,84
XAX3897,74,44,102,86
XAX39,16,25,28,44
XAX390,16,13,14,26
XAX391,16,8,23,55
XAX392,31,21,37,102
XAX393,26,10,36,74
XAX394,15,7,19,47
XAX3947,12,0,0,0
XAX395,8,7,0,38
XAX396,32,24,48,80
XAX397,12,5,12,30
XAX398,47,19,59,98
XAX399,51,20,60,118
XAX4,36,29,74,96
XAX40,50,52,51,61
XAX400,55,51,63,116
XAX401,5,16,11,24
XAX402,14,4,23,42
XAX403,13,25,14,49
XAX404,18,15,29,76
XAX4049,14,4,19,37
XAX405,43,42,68,122
XAX4055,40,9,28,61
XAX406,26,19,43,72
XAX4063,11,6,12,17
XAX4064,28,12,35,87
XAX4065,15,35,24,48
XAX4068,46,54,65,78
XAX407,70,23,77,128
XAX408,49,38,64,122
XAX409,8,12,18,26
XAX41,44,35,48,99
XAX410,21,20,33,50
XAX4101,15,10,15,32
XAX4102,23,16,27,0
XAX4103,27,16,21,64
XAX4108,22,24,39,62
XAX411,4,3,8,13
XAX4112,6,1,15,30
XAX4115,37,38,39,68
XAX4118,19,49,56,68
XAX412,35,24,40,95
XAX4129,17,4,23,35
XAX413,7,8,3,17
XAX4130,22,21,31,23
XAX4131,23,38,32,84
XAX4132,19,13,16,31
XAX4137,34,57,36,76
XAX414,26,20,46,79
XAX4144,18,2,22,50
XAX415,8,21,21,29
XAX4153,14,7,11,40
XAX4156,16,16,15,20
XAX416,25,23,21,81
XAX4161,5,7,7,38
XAX4162,21,0,31,73
XAX4163,25,29,24,41
XAX4164,24,41,29,75
XAX4165,12,6,17,38
XAX4166,11,5,10,27
XAX4167,2,5,3,18
XAX4168,24,25,32,67
XAX417,46,40,44,94
XAX4171,7,10,11,55
XAX4176,20,25,15,42
XAX418,12,13,18,28
XAX4183,17,32,17,63
XAX4185,8,10,16,55
XAX4187,15,11,23,37
XAX419,16,14,23,41
XAX4191,7,5,22,16
XAX4194,23,11,34,33
XAX4195,28,26,27,68
XAX42,27,13,29,53
XAX420,51,31,64,120
XAX4200,43,32,45,90
XAX4201,50,25,49,85
XAX4202,15,22,22,60
XAX4203,28,0,0,0
XAX4208,13,22,16,77
XAX4209,22,22,31,64
XAX421,56,43,65,136
XAX4215,38,36,58,71
XAX4216,18,28,40,65
XAX4219,26,13,44,71
XAX422,36,83,42,62
XAX4221,28,50,32,64
XAX4223,22,2,42,50
XAX4224,36,18,47,76
XAX4226,6,11,15,27
XAX423,24,15,24,75
XAX4230,29,28,28,82
XAX4231,17,12,22,47
XAX4232,10,18,9,49
XAX4235,32,37,56,82
XAX4237,13,24,20,54
XAX4238,15,26,20,76
XAX4239,71,79,88,145
XAX424,18,14,41,41
XAX4240,20,32,26,86
XAX4241,13,28,23,49
XAX4243,24,26,54,57
XAX4244,30,19,38,44
XAX4246,17,15,27,35
XAX4247,36,36,33,82
XAX4249,23,23,27,46
XAX425,7,8,16,23
XAX4250,15,12,13,32
XAX4252,43,38,25,73
XAX4253,23,17,21,36
XAX4255,22,20,35,52
XAX4256,47,36,76,87
XAX4257,35,46,50,52
XAX4258,44,36,53,70
XAX4259,8,8,13,20
XAX426,24,16,32,75
XAX4260,23,26,50,64
XAX4262,29,28,47,47
XAX427,52,30,63,95
XAX4272,33,43,69,87
XAX4273,18,17,32,59
XAX4274,30,69,36,58
XAX4276,16,46,20,33
XAX4277,27,22,55,54
XAX4278,10,10,16,38
XAX4279,37,46,60,97
XAX428,29,13,30,73
XAX4281,16,3,15,20
XAX4283,22,8,35,46
XAX4284,18,30,33,56
XAX4285,8,10,10,21
XAX4286,25,42,27,70
XAX4288,48,122,70,85
XAX429,8,1,9,36
XAX4293,0,0,0,0
XAX4295,32,23,42,58
XAX4298,9,5,16,73
XAX4299,38,26,64,113
XAX43,46,49,70,90
XAX430,18,27,20,47
XAX4303,13,3,12,16
XAX4309,18,56,37,66
XAX431,31,14,50,64
XAX4318,32,5,55,57
XAX432,7,6,16,25
XAX4321,17,22,28,50
XAX4322,9,11,19,27
XAX4323,15,12,27,37
XAX4325,29,21,42,102
XAX433,16,18,23,55
XAX4330,10,15,17,59
XAX4332,14,14,20,57
XAX4333,23,40,16,53
XAX4334,28,27,48,38
XAX4335,80,122,90,143
XAX4336,13,19,30,65
XAX4337,2,1,2,15
XAX434,35,30,57,81
XAX4340,43,55,39,80
XAX4341,27,17,21,32
XAX4348,29,28,28,44
XAX435,10,21,28,51
XAX4350,14,20,13,43
XAX4352,55,65,93,136
XAX4355,30,23,23,64
XAX4356,28,33,58,116
XAX4358,33,28,57,94
XAX4359,56,22,57,106
XAX436,5,10,11,22
XAX4365,8,14,13,0
XAX4368,22,11,38,49
XAX437,23,29,30,64
XAX4370,41,64,85,100
XAX4372,12,10,23,27
XAX4374,18,10,14,24
XAX4377,27,29,27,56
XAX4378,17,13,12,37
XAX4379,8,18,18,31
XAX438,8,16,18,29
XAX4381,35,42,43,83
XAX4383,13,7,15,31
XAX4384,10,12,16,38
XAX4387,23,34,18,57
XAX4389,33,29,32,42
XAX4392,36,45,39,89
XAX4393,18,9,10,48
XAX4394,96,111,116,105
XAX4395,45,63,56,89
XAX4399,33,19,52,49
XAX44,10,6,15,21
XAX440,14,10,32,48
XAX4403,33,21,62,40
XAX4404,27,36,52,106
XAX4405,17,12,25,41
XAX4407,16,6,21,51
XAX4409,23,7,13,41
XAX4410,9,5,12,41
XAX4412,51,14,53,96
XAX4414,14,9,11,45
XAX4416,17,11,3,53
XAX4417,36,63,48,78
XAX442,19,11,36,61
XAX4420,19,9,27,27
XAX4423,30,131,58,93
XAX4424,16,2,26,12
XAX4427,12,15,17,40
XAX4428,9,5,12,20
XAX443,22,27,22,62
XAX4430,47,34,67,99
XAX4435,19,8,30,43
XAX4436,9,9,6,17
XAX4438,45,84,61,103
XAX4439,23,44,42,57
XAX444,28,35,40,79
XAX4440,28,23,20,39
XAX4444,20,13,23,43
XAX4446,12,16,11,44
XAX445,23,8,37,40
XAX4450,22,7,23,53
XAX4451,23,35,34,93
XAX4456,10,17,15,38
XAX4457,3,5,5,12
XAX4458,16,16,9,35
XAX4459,7,5,11,16
XAX446,8,10,5,26
XAX4460,17,14,18,34
XAX4461,4,3,11,15
XAX447,23,18,39,75
XAX4471,20,19,24,43
XAX4472,22,11,28,23
XAX4474,78,42,76,75
XAX4475,29,21,32,63
XAX4476,24,35,42,64
XAX4477,15,16,20,69
XAX4479,30,25,31,30
XAX448,23,10,20,47
XAX4482,20,15,23,65
XAX4483,25,28,56,75
XAX4484,14,11,14,26
XAX4487,39,32,52,76
XAX4488,13,16,19,38
XAX449,26,11,29,45
XAX4497,10,12,17,73
XAX4499,17,13,25,71
XAX45,23,19,34,78
XAX450,32,29,41,90
XAX4501,12,14,19,26
XAX4503,15,0,0,0
XAX4506,34,29,32,88
XAX4508,6,8,4,28
XAX4509,22,34,32,61
XAX451,17,15,27,35
XAX4511,39,41,69,126
XAX4512,18,0,0,0
XAX4514,17,26,20,63
XAX452,9,5,14,26
XAX4520,23,15,23,56
XAX4521,46,41,58,97
XAX4526,0,31,7,64
XAX4529,16,21,19,51
XAX453,2,5,7,10
XAX4531,25,40,21,59
XAX4533,17,9,15,55
XAX4538,12,16,19,46
XAX454,9,9,12,31
XAX4540,29,26,38,48
XAX4543,24,17,16,83
XAX4553,25,27,43,66
XAX4554,11,7,15,22
XAX4556,21,14,20,49
XAX4557,15,22,12,59
XAX4558,22,10,19,52
XAX456,3,10,8,33
XAX4564,12,11,16,75
XAX4567,44,51,79,132
XAX4568,15,33,38,57
XAX4569,7,7,13,27
XAX457,35,18,38,65
XAX4570,12,13,22,24
XAX4574,25,18,19,56
XAX458,37,13,43,75
XAX4580,0,0,0,0
XAX4581,12,22,31,46
XAX4583,14,13,14,37
XAX4588,15,4,13,24
XAX459,29,10,21,71
XAX4590,15,19,18,0
XAX4593,18,49,35,65
XAX4594,15,4,18,47
XAX4597,33,27,44,86
XAX4599,44,23,50,109
XAX46,40,17,45,68
XAX460,1,4,3,6
XAX4600,30,47,43,81
XAX4601,52,55,47,91
XAX4606,22,14,32,44
XAX4609,35,31,35,68
XAX461,12,14,20,46
XAX4611,11,15,12,53
XAX4612,29,31,48,82
XAX4615,42,26,59,104
XAX4616,28,13,16,37
XAX462,70,75,64,134
XAX4623,17,11,18,53
XAX4627,46,21,52,80
XAX463,21,4,29,70
XAX4631,18,21,36,61
XAX4635,21,33,35,67
XAX4636,14,25,17,55
XAX4637,30,19,32,71
XAX4638,19,13,40,70
XAX4639,32,37,36,61
XAX464,49,35,66,103
XAX4641,11,60,21,41
XAX4643,15,10,21,29
XAX4644,15,15,18,23
XAX465,20,47,38,130
XAX4653,62,38,82,64
XAX466,14,6,10,16
XAX4660,14,16,16,52
XAX4664,8,16,12,29
XAX467,27,15,19,63
XAX4677,10,19,19,33
XAX4678,26,26,19,55
XAX4679,19,17,40,73
XAX468,29,15,47,81
XAX4681,23,16,33,69
XAX4682,53,17,52,102
XAX4683,7,19,11,37
XAX4687,7,1,11,26
XAX4689,10,22,21,47
XAX469,31,17,44,62
XAX4690,8,7,16,34
XAX4695,18,18,26,49
XAX4696,29,42,40,73
XAX4697,23,11,23,41
XAX4699,17,16,17,24
XAX47,34,29,52,75
XAX470,30,24,40,80
XAX471,14,16,1,50
XAX472,41,23,42,88
XAX473,9,13,16,35
XAX4734,24,0,0,0
XAX474,8,5,13,14
XAX475,21,14,1,47
XAX476,26,20,30,60
XAX477,16,6,19,53
XAX478,5,2,7,18
XAX479,35,38,37,79
XAX48,17,8,28,49
XAX480,9,11,11,14
XAX481,33,24,40,61
XAX482,18,17,13,35
XAX483,25,21,40,66
XAX484,33,18,50,72
XAX4849,37,27,31,50
XAX485,9,5,15,27
XAX486,31,31,27,70
XAX4865,42,36,66,77
XAX487,5,5,7,21
XAX488,5,3,9,18
XAX489,21,21,39,61
XAX49,26,14,15,49
XAX490,20,27,30,57
XAX491,41,44,57,105
XAX492,29,25,59,79
XAX493,20,4,16,45
XAX494,31,27,42,109
XAX495,41,27,63,82
XAX497,21,20,28,55
XAX498,17,8,11,26
XAX499,62,52,74,159
XAX5,26,10,18,98
XAX50,14,17,29,36
XAX500,69,63,100,140
XAX5003,13,19,27,31
XAX501,54,26,63,133
XAX5012,13,23,23,16
XAX502,12,9,25,28
XAX5022,17,9,17,14
XAX5023,31,19,28,58
XAX5025,36,41,37,66
XAX5027,22,24,27,38
XAX5028,29,10,27,42
XAX5029,39,27,55,88
XAX503,10,17,21,28
XAX5030,33,25,45,69
XAX5031,63,73,65,138
XAX5032,8,15,14,50
XAX5033,31,25,40,76
XAX5034,22,17,47,48
XAX5035,48,66,64,107
XAX5036,22,28,27,41
XAX5037,11,16,24,40
XAX5038,7,9,6,42
XAX5039,38,44,51,84
XAX504,23,9,22,77
XAX5040,18,10,20,45
XAX5041,93,100,82,137
XAX5044,8,15,12,19
XAX5045,37,23,39,105
XAX5046,24,24,17,51
XAX5047,9,1,7,18
XAX5048,18,22,26,62
XAX5049,43,76,70,71
XAX505,48,38,60,101
XAX5051,40,67,64,90
XAX5054,33,2,47,68
XAX5055,8,9,30,40
XAX5056,15,18,39,82
XAX5057,35,17,25,66
XAX5058,31,19,25,66
XAX506,12,5,14,17
XAX5060,11,27,9,33
XAX5063,14,11,26,54
XAX5064,17,31,35,39
XAX5065,15,18,23,54
XAX5066,16,12,0,35
XAX5069,7,14,9,31
XAX507,22,12,47,54
XAX5070,24,25,42,59
XAX5071,86,77,97,174
XAX5072,45,31,50,75
XAX5073,33,41,37,62
XAX5075,18,22,19,56
XAX5076,50,45,57,84
XAX5077,17,13,14,33
XAX5078,56,50,76,110
XAX5079,18,10,28,40
XAX508,45,23,55,82
XAX5080,15,27,27,87
XAX5082,23,20,22,24
XAX5083,10,4,5,22
XAX5085,18,7,24,74
XAX5087,24,12,26,48
XAX5088,30,16,59,60
XAX5089,12,29,17,49
XAX5090,23,22,30,51
XAX5091,17,17,24,79
XAX5092,14,38,22,62
XAX5095,11,10,18,93
XAX5096,27,22,18,65
XAX5097,15,12,22,37
XAX5099,69,64,83,135
XAX51,22,18,23,41
XAX510,24,8,32,69
XAX5101,60,66,87,104
XAX5103,13,8,16,92
XAX5104,12,13,21,47
XAX5105,50,24,63,71
XAX5107,0,0,0,0
XAX511,48,39,64,77
XAX5111,13,10,14,67
XAX5113,37,24,12,100
XAX5115,54,47,79,106
XAX5116,55,90,83,164
XAX5117,36,21,57,70
XAX5118,12,13,17,64
XAX512,20,8,36,74
XAX5123,67,138,97,176
XAX5124,28,14,50,60
XAX5126,9,10,18,22
XAX5127,26,22,33,63
XAX5129,19,10,17,116
XAX513,43,45,56,135
XAX5130,11,12,22,42
XAX5131,18,18,19,62
XAX5133,21,51,47,91
XAX5134,57,58,47,99
XAX5136,36,31,62,92
XAX5137,53,50,53,110
XAX5139,25,13,22,71
XAX514,34,40,50,66
XAX5140,26,50,22,65
XAX5141,42,44,63,109
XAX5142,16,10,17,57
XAX5144,42,87,67,182
XAX5145,23,44,28,49
XAX5146,22,39,29,57
XAX5147,16,47,38,72
XAX515,28,19,29,44
XAX5150,17,10,28,50
XAX5151,25,21,26,41
XAX5152,10,18,17,29
XAX5154,12,38,22,56
XAX5155,27,10,19,96
XAX5156,34,70,41,100
XAX5157,19,26,25,62
XAX5159,32,26,64,53
XAX516,12,9,19,49
XAX5160,47,38,71,105
XAX5162,23,39,27,64
XAX5164,3,13,12,41
XAX5165,7,5,7,44
XAX5166,17,18,35,60
XAX5167,34,48,55,87
XAX5168,18,11,42,76
XAX517,33,41,58,109
XAX5170,15,26,20,62
XAX5172,19,30,24,31
XAX5173,27,19,40,51
XAX5174,41,15,42,49
XAX5175,34,21,32,51
XAX5177,0,17,18,45
XAX5178,7,6,10,14
XAX518,27,20,28,72
XAX5184,32,11,52,92
XAX5185,25,21,31,47
XAX5186,30,45,55,116
XAX5189,15,1,22,49
XAX519,6,11,12,24
XAX5190,23,42,36,132
XAX5191,34,49,38,99
XAX5192,51,67,40,132
XAX5193,16,46,17,105
XAX5195,26,44,39,37
XAX5196,14,5,17,48
XAX5197,20,21,22,63
XAX5199,24,41,38,78
XAX52,27,34,52,51
XAX520,29,61,50,70
XAX5200,16,48,32,46
XAX5201,8,26,20,34
XAX5202,14,7,14,47
XAX5203,21,14,10,45
XAX521,31,29,12,75
XAX5210,23,13,23,57
XAX5211,16,22,24,62
XAX5215,3,10,13,35
XAX5216,58,40,72,121
XAX5218,23,11,23,45
XAX5219,6,19,22,39
XAX522,44,34,37,87
XAX5220,18,11,18,34
XAX5227,23,62,19,79
XAX5228,15,11,10,49
XAX5229,19,7,1,47
XAX523,22,15,24,56
XAX5230,16,13,23,47
XAX5231,31,16,21,57
XAX5232,40,56,40,78
XAX5233,75,69,112,132
XAX5234,128,177,143,195
XAX5235,44,36,61,113
XAX5236,31,15,39,69
XAX5239,31,57,44,60
XAX524,14,7,13,41
XAX5240,41,40,54,66
XAX5241,22,40,27,47
XAX5242,36,38,67,57
XAX5244,9,13,16,41
XAX5245,36,29,48,88
XAX5246,14,18,17,18
XAX5247,32,42,38,69
XAX5250,17,16,22,49
XAX5251,9,6,21,38
XAX5252,42,23,53,88
XAX5253,23,31,44,100
XAX5254,20,23,12,51
XAX526,21,12,13,44
XAX5260,39,52,41,106
XAX5261,35,24,56,58
XAX5262,16,37,20,67
XAX5263,34,11,44,54
XAX5264,12,20,17,43
XAX5266,31,22,58,51
XAX527,36,34,44,85
XAX5270,62,102,61,86
XAX5272,87,72,108,135
XAX5273,47,20,55,74
XAX5274,69,54,100,186
XAX5275,32,36,45,86
XAX5276,7,7,10,19
XAX5278,28,32,67,52
XAX528,21,10,21,40
XAX5280,7,36,13,42
XAX5281,13,19,18,57
XAX5282,21,24,29,51
XAX5285,29,28,47,55
XAX5287,47,80,68,118
XAX5288,11,28,22,35
XAX529,48,24,49,98
XAX5292,10,12,7,50
XAX5293,17,5,10,37
XAX5294,12,13,22,41
XAX5295,20,9,15,59
XAX5296,18,2,42,72
XAX5298,11,28,17,32
XAX5299,29,7,36,62
XAX530,31,50,36,88
XAX5300,33,43,56,66
XAX5301,12,5,13,29
XAX5303,35,16,34,55
XAX5305,23,45,29,46
XAX5307,42,44,54,82
XAX5309,14,23,16,9
XAX531,16,17,27,58
XAX5311,31,26,45,80
XAX5312,27,10,22,38
XAX5313,15,33,36,45
XAX5316,41,85,65,144
XAX5317,29,74,45,111
XAX5319,28,12,37,53
XAX532,33,60,62,91
XAX5320,21,11,19,52
XAX5325,13,18,8,16
XAX5326,32,17,44,60
XAX5329,23,25,15,84
XAX533,21,16,23,41
XAX5330,16,8,15,82
XAX5331,29,7,60,80
XAX5334,53,17,62,96
XAX5335,10,46,15,39
XAX5337,40,47,47,80
XAX5338,21,25,24,77
XAX5339,13,21,8,52
XAX534,8,2,11,33
XAX5340,2,5,14,35
XAX5341,9,25,19,47
XAX5342,23,28,24,41
XAX5343,56,88,100,131
XAX5344,19,7,24,45
XAX5345,34,65,5,97
XAX5346,21,13,30,53
XAX5347,9,5,9,20
XAX5348,10,3,8,30
XAX535,75,51,64,161
XAX5350,21,13,20,50
XAX5352,7,11,15,35
XAX5355,18,15,24,36
XAX5356,17,9,19,25
XAX5358,24,16,42,58
XAX5359,67,43,79,118
XAX536,47,67,71,145
XAX5360,10,25,22,18
XAX5361,64,64,87,140
XAX5363,21,21,19,93
XAX5368,55,90,72,67
XAX5369,29,35,42,119
XAX537,76,45,40,161
XAX5370,33,33,47,87
XAX5373,49,54,72,97
XAX5374,23,22,21,62
XAX5376,24,9,19,41
XAX5379,8,10,11,32
XAX538,31,10,47,56
XAX5380,5,0,6,27
XAX5381,9,4,12,16
XAX5382,26,30,10,17
XAX5384,6,37,12,41
XAX5385,37,25,61,65
XAX5386,10,17,28,29
XAX5387,9,19,26,30
XAX5388,57,47,43,109
XAX5389,25,25,47,93
XAX539,21,15,26,52
XAX5390,23,36,33,98
XAX5391,21,2,19,42
XAX5392,10,14,22,29
XAX5394,28,2,41,76
XAX5396,49,53,69,74
XAX5397,38,63,44,74
XAX5398,26,46,38,85
XAX5399,23,22,40,49
XAX54,39,6,58,56
XAX540,18,14,31,53
XAX5402,13,3,18,30
XAX5403,25,20,18,41
XAX5404,19,9,18,69
XAX5409,49,36,63,108
XAX541,32,36,51,61
XAX5410,29,7,45,55
XAX5411,26,6,54,40
XAX5414,14,23,21,39
XAX5416,24,6,19,88
XAX5417,31,21,44,73
XAX5418,16,6,17,60
XAX5419,17,18,25,56
XAX542,19,12,20,50
XAX5420,16,11,14,42
XAX5422,28,22,20,44
XAX5424,55,36,65,71
XAX5425,19,5,26,35
XAX5426,16,12,15,30
XAX5428,32,36,49,85
XAX5429,40,61,67,118
XAX543,11,11,23,26
XAX5430,31,15,56,68
XAX5432,32,23,43,55
XAX5433,11,20,19,43
XAX5434,25,11,22,41
XAX5435,10,34,17,34
XAX5436,14,19,13,58
XAX5437,7,4,13,13
XAX5438,16,31,21,54
XAX5439,10,28,18,50
XAX544,58,43,84,125
XAX5440,21,18,24,31
XAX5441,52,43,80,101
XAX5442,5,17,16,47
XAX5443,31,28,53,61
XAX5444,11,6,8,19
XAX5445,14,7,20,30
XAX5446,24,19,50,54
XAX5447,19,2,0,20
XAX5448,17,29,26,44
XAX5449,19,9,12,45
XAX545,3,6,5,15
XAX5450,20,27,42,81
XAX5455,44,36,59,67
XAX5458,37,44,43,62
XAX546,27,28,18,74
XAX5460,55,27,39,62
XAX5461,38,40,40,63
XAX5462,43,63,59,86
XAX5463,25,24,42,60
XAX5466,34,17,50,83
XAX5469,14,16,38,42
XAX547,38,38,56,72
XAX5470,13,24,24,55
XAX5471,32,19,48,77
XAX5472,23,16,23,46
XAX5476,12,30,22,42
XAX5477,35,19,52,60
XAX5479,27,44,53,92
XAX548,11,23,21,40
XAX5480,34,64,60,74
XAX5481,11,8,15,35
XAX5482,8,5,9,13
XAX5483,19,10,18,48
XAX5485,28,9,23,61
XAX5486,22,8,13,96
XAX5487,21,20,38,64
XAX5488,23,14,24,54
XAX5489,4,1,8,11
XAX549,63,68,77,156
XAX5490,0,0,0,1
XAX5491,29,24,47,66
XAX5492,12,10,20,31
XAX5494,72,74,93,143
XAX5495,19,32,14,70
XAX5497,50,43,84,105
XAX5498,11,15,22,26
XAX5499,25,5,42,65
XAX55,16,16,12,18
XAX550,9,11,9,22
XAX551,34,21,43,82
XAX552,9,0,13,9
XAX553,17,14,45,46
XAX554,9,8,6,24
XAX555,24,24,41,54
XAX556,39,14,47,51
XAX557,35,22,60,74
XAX558,49,41,63,98
XAX559,34,27,58,69
XAX56,11,9,16,20
XAX560,57,68,65,116
XAX561,16,12,22,39
XAX5612,26,43,38,72
XAX5616,13,9,17,33
XAX5617,10,0,17,27
XAX562,15,29,43,66
XAX5625,28,30,30,63
XAX5626,34,40,51,87
XAX5628,37,36,36,48
XAX5629,25,17,19,35
XAX563,27,21,56,70
XAX5632,9,20,12,9
XAX564,33,16,41,84
XAX5641,3,2,7,19
XAX5644,9,27,17,48
XAX5649,14,7,9,29
XAX565,35,35,44,61
XAX566,33,22,45,81
XAX5667,13,40,19,39
XAX5668,10,12,15,22
XAX5669,23,18,27,56
XAX567,13,11,13,27
XAX5671,9,14,14,25
XAX5672,22,15,26,45
XAX5673,11,6,27,49
XAX5676,15,10,12,33
XAX5678,0,0,0,0
XAX568,7,13,22,40
XAX5685,12,16,13,28
XAX5686,18,37,20,41
XAX5687,16,70,11,46
XAX569,9,17,10,28
XAX57,8,6,6,11
XAX5701,18,8,18,41
XAX5703,39,35,46,114
XAX5705,14,7,11,41
XAX5706,21,0,12,20
XAX5707,33,47,38,74
XAX5709,12,53,28,86
XAX571,57,71,68,111
XAX5710,23,59,30,71
XAX5713,19,13,25,47
XAX572,43,5,52,75
XAX5727,18,24,5,56
XAX5728,25,25,26,71
XAX573,29,27,54,124
XAX5731,24,63,37,67
XAX5732,27,20,33,33
XAX5735,50,51,42,100
XAX574,21,30,30,49
XAX5743,22,15,8,64
XAX5745,23,26,38,56
XAX5747,13,17,13,49
XAX5748,48,33,65,95
XAX575,29,23,44,95
XAX5751,13,30,21,53
XAX5752,14,6,14,27
XAX5753,9,12,14,73
XAX576,20,12,19,42
XAX5761,19,14,20,56
XAX5763,30,102,30,86
XAX5764,43,30,43,94
XAX5766,11,31,12,38
XAX5768,10,27,17,38
XAX577,27,32,38,33
XAX5772,19,28,25,45
XAX5777,34,28,23,51
XAX5779,46,29,54,114
XAX578,36,37,35,85
XAX5781,25,3,15,97
XAX5786,17,19,23,49
XAX5787,18,17,22,46
XAX579,22,22,39,60
XAX5793,22,9,29,16
XAX5795,27,24,31,44
XAX5797,21,11,14,30
XAX5799,21,35,28,63
XAX58,49,66,81,79
XAX580,17,16,23,44
XAX5802,16,10,19,38
XAX5803,15,2,16,26
XAX5806,25,20,30,35
XAX5807,7,4,5,0
XAX5808,9,6,18,24
XAX5809,6,8,12,44
XAX581,57,59,65,92
XAX5810,12,24,16,42
XAX5812,21,14,18,47
XAX5814,26,10,20,94
XAX582,19,23,18,44
XAX5823,13,9,18,20
XAX583,9,3,7,22
XAX5835,13,6,20,74
XAX5839,51,46,62,69
XAX584,12,5,28,38
XAX5841,34,27,44,56
XAX5842,29,11,21,67
XAX5843,23,29,24,66
XAX5844,22,14,15,68
XAX5845,37,41,54,88
XAX5847,26,38,21,49
XAX5848,15,18,19,45
XAX585,16,10,20,31
XAX5851,15,2,10,42
XAX5853,40,60,56,96
XAX5854,4,0,7,11
XAX5857,12,16,11,49
XAX5858,31,53,38,93
XAX5859,9,7,10,17
XAX586,23,18,32,41
XAX5864,41,35,48,76
XAX5866,13,32,15,48
XAX5867,14,7,14,36
XAX5869,36,31,29,43
XAX587,20,21,24,41
XAX5871,6,4,8,5
XAX5872,5,4,8,17
XAX5874,2,3,5,7
XAX5876,0,0,0,1
XAX5879,6,19,13,54
XAX588,20,31,40,91
XAX5880,8,8,10,43
XAX5881,11,12,7,15
XAX5882,20,7,10,36
XAX5883,55,58,70,89
XAX5884,10,29,10,24
XAX5886,4,20,7,17
XAX5888,20,9,21,29
XAX5889,5,9,11,21
XAX589,35,26,44,66
XAX5890,16,15,17,57
XAX5891,15,4,24,69
XAX5893,8,6,14,22
XAX5894,7,21,21,32
XAX5898,41,63,56,97
XAX5899,9,10,12,25
XAX59,43,44,67,73
XAX590,32,6,42,80
XAX591,17,25,37,44
XAX5911,4,23,2,12
XAX5912,0,4,7,26
XAX592,59,31,80,133
XAX5922,7,0,0,0
XAX5927,24,17,28,47
XAX5929,30,29,22,52
XAX593,21,11,24,36
XAX5930,5,4,7,22
XAX5931,9,3,9,25
XAX5932,11,2,4,19
XAX5935,17,24,19,36
XAX5936,1,6,13,12
XAX5938,17,18,18,25
XAX5939,9,28,17,21
XAX594,36,14,28,176
XAX5941,11,8,23,36
XAX5947,28,23,49,81
XAX595,23,8,19,67
XAX5954,4,13,7,36
XAX5956,21,34,26,73
XAX5957,12,44,19,56
XAX5959,20,12,17,60
XAX596,10,6,6,12
XAX5964,13,19,14,24
XAX5965,16,4,14,48
XAX5968,16,7,14,33
XAX5969,9,13,21,48
XAX5976,42,32,35,78
XAX5977,8,21,27,40
XAX598,51,50,64,144
XAX5987,37,23,25,63
XAX599,34,16,55,52
XAX5992,16,45,8,64
XAX5996,21,43,32,88
XAX60,32,24,64,46
XAX600,29,19,42,57
XAX601,59,54,74,143
XAX602,22,52,21,82
XAX603,45,32,76,86
XAX604,29,25,56,78
XAX605,18,13,35,43
XAX606,10,25,17,26
XAX607,3,6,8,10
XAX608,61,37,28,135
XAX609,40,26,53,73
XAX61,39,26,46,109
XAX610,38,40,61,77
XAX611,30,29,54,80
XAX612,10,16,20,42
XAX613,32,19,23,60
XAX614,29,19,41,66
XAX615,31,43,43,52
XAX616,26,15,19,58
XAX617,18,8,9,17
XAX6173,19,7,17,45
XAX618,29,81,42,101
XAX619,27,42,39,52
XAX6190,25,11,25,42
XAX62,12,11,16,4
XAX620,18,8,27,58
XAX621,5,11,17,34
XAX622,38,28,61,123
XAX623,35,58,60,58
XAX624,15,10,38,67
XAX625,17,9,23,47
XAX626,9,14,12,25
XAX627,12,10,14,25
XAX628,36,34,48,94
XAX6286,33,43,28,87
XAX629,14,9,19,30
XAX63,15,10,13,36
XAX630,24,22,25,67
XAX631,19,15,33,71
XAX632,7,0,6,13
XAX633,11,15,21,50
XAX634,40,17,37,62
XAX635,44,26,69,88
XAX636,19,17,24,45
XAX637,24,16,36,42
XAX6370,23,28,16,39
XAX638,25,42,61,58
XAX639,27,37,29,106
XAX6392,22,14,25,26
XAX6394,22,22,15,119
XAX6395,10,17,17,0
XAX64,6,6,10,21
XAX640,29,34,33,56
XAX641,19,5,17,33
XAX642,17,4,16,24
XAX643,10,15,26,59
XAX644,13,20,18,41
XAX645,48,45,67,105
XAX646,16,22,25,39
XAX6467,25,1,32,0
XAX6469,22,15,21,33
XAX647,24,19,27,34
XAX6476,14,22,20,59
XAX6477,13,0,0,0
XAX648,34,63,35,99
XAX6480,13,14,13,42
XAX649,38,29,62,85
XAX65,23,27,40,57
XAX650,4,1,6,15
XAX651,51,40,56,88
XAX652,39,28,53,77
XAX653,31,25,59,78
XAX6531,0,0,0,0
XAX655,31,11,40,73
XAX656,15,14,25,54
XAX657,29,34,53,50
XAX6576,27,22,31,33
XAX6579,32,0,0,0
XAX658,22,15,26,43
XAX659,22,12,25,28
XAX66,27,13,30,40
XAX660,36,25,36,68
XAX661,42,44,50,94
XAX662,18,11,28,52
XAX663,44,4,49,82
XAX664,41,34,43,85
XAX665,15,2,22,27
XAX666,27,55,33,53
XAX667,34,22,26,52
XAX668,28,11,34,49
XAX669,24,11,29,39
XAX67,29,10,42,52
XAX670,31,16,55,99
XAX671,46,42,63,96
XAX672,41,23,61,88
XAX673,86,53,83,159
XAX674,52,61,83,133
XAX675,14,7,29,45
XAX676,25,24,45,27
XAX677,18,17,15,56
XAX678,26,13,39,55
XAX6789,10,4,15,0
XAX68,12,6,6,22
XAX680,35,32,49,62
XAX6807,18,36,16,76
XAX681,12,0,21,42
XAX682,44,34,74,121
XAX683,32,19,58,58
XAX684,28,9,35,53
XAX685,30,14,46,71
XAX686,10,6,14,28
XAX687,33,29,60,63
XAX6878,34,29,35,70
XAX6879,24,12,33,54
XAX688,20,18,24,66
XAX6887,13,9,21,0
XAX689,34,15,47,75
XAX6898,27,13,26,80
XAX69,48,51,57,116
XAX690,32,17,25,49
XAX691,25,14,27,46
XAX692,24,16,43,63
XAX6929,26,18,35,84
XAX693,6,3,11,14
XAX6931,6,0,8,21
XAX6932,23,24,33,39
XAX694,32,22,40,66
XAX695,21,0,29,54
XAX6951,11,15,18,24
XAX6952,6,16,26,55
XAX6958,23,9,27,46
XAX696,5,8,10,8
XAX6963,14,0,14,0
XAX6964,18,5,11,45
XAX6966,0,0,0,0
XAX697,38,28,54,96
XAX6978,40,48,45,84
XAX698,26,19,36,80
XAX699,24,33,28,70
XAX6998,8,8,8,30
XAX7,24,23,50,83
XAX70,31,12,43,48
XAX700,13,7,12,37
XAX7009,14,18,35,31
XAX701,18,17,21,73
XAX702,29,35,36,83
XAX7020,27,28,36,49
XAX703,34,31,33,100
XAX7032,16,0,0,0
XAX705,26,13,47,52
XAX706,29,97,57,88
XAX707,5,5,9,21
XAX708,34,17,29,52
XAX7087,20,12,26,45
XAX709,57,33,66,158
XAX71,15,12,22,29
XAX710,37,34,46,97
XAX711,28,11,35,57
XAX712,17,11,44,48
XAX7129,6,19,12,35
XAX713,11,12,19,21
XAX714,8,5,7,23
XAX715,18,7,27,50
XAX7156,12,16,19,0
XAX716,14,5,12,34
XAX7178,21,12,32,68
XAX718,28,4,53,57
XAX7181,13,0,3,0
XAX7185,4,0,0,0
XAX7188,11,8,15,32
XAX719,28,40,48,82
XAX7194,13,10,17,29
XAX7199,36,45,46,0
XAX72,27,57,38,76
XAX720,41,14,56,105
XAX721,41,29,57,53
XAX722,32,17,49,102
XAX723,20,11,18,37
XAX7238,6,5,7,8
XAX724,25,4,57,73
XAX7243,6,9,10,19
XAX7245,12,10,16,14
XAX7246,4,7,14,15
XAX7247,6,17,14,16
XAX7249,12,6,5,32
XAX725,17,17,24,59
XAX726,11,9,27,40
XAX727,20,6,15,22
XAX728,4,1,8,28
XAX7280,26,17,29,59
XAX7281,9,17,23,59
XAX729,31,12,46,52
XAX7290,12,19,15,37
XAX7294,22,38,31,49
XAX73,26,19,51,85
XAX730,20,7,28,46
XAX7301,15,2,12,0
XAX731,15,12,12,30
XAX7324,18,18,20,56
XAX7326,32,15,28,68
XAX733,11,16,15,35
XAX734,44,45,60,120
XAX735,37,24,40,46
XAX736,19,16,25,52
XAX737,17,17,34,43
XAX738,25,19,36,46
XAX739,23,7,28,59
XAX74,8,6,14,3
XAX740,23,25,25,43
XAX741,28,37,38,62
XAX742,40,32,58,107
XAX743,33,19,47,74
XAX744,39,81,52,140
XAX745,25,11,21,107
XAX746,34,29,52,81
XAX747,6,9,8,13
XAX748,36,29,28,59
XAX749,12,19,18,14
XAX75,29,17,79,61
XAX750,22,27,25,59
XAX751,9,17,13,31
XAX752,27,28,47,107
XAX753,58,52,67,156
XAX754,27,18,60,72
XAX755,46,48,63,109
XAX756,14,4,5,31
XAX757,38,54,45,98
XAX758,10,4,15,16
XAX759,11,14,17,28
XAX76,30,37,45,50
XAX760,5,8,13,17
XAX761,11,6,13,19
XAX762,19,4,12,34
XAX764,23,12,28,69
XAX765,42,62,68,171
XAX766,38,11,35,68
XAX767,60,45,72,95
XAX768,24,2,26,66
XAX769,14,38,27,52
XAX77,16,56,26,81
XAX770,36,25,32,93
XAX771,19,15,17,34
XAX772,8,24,13,40
XAX773,22,14,18,31
XAX774,34,29,53,79
XAX775,31,25,61,77
XAX776,44,37,74,72
XAX777,47,37,53,106
XAX778,25,10,32,57
XAX779,14,5,23,36
XAX78,41,21,52,72
XAX780,33,24,34,75
XAX781,54,54,74,147
XAX782,23,10,26,63
XAX783,16,6,23,34
XAX784,39,20,55,54
XAX785,20,7,29,44
XAX786,33,25,54,71
XAX787,18,8,19,92
XAX788,12,11,23,36
XAX789,30,40,27,85
XAX79,41,29,66,103
XAX790,32,12,49,71
XAX791,19,5,30,62
XAX792,12,6,15,19
XAX793,22,12,23,62
XAX794,42,38,82,98
XAX795,12,11,19,17
XAX796,53,27,66,88
XAX797,68,63,69,88
XAX798,8,8,13,26
XAX799,29,26,56,82
XAX8,24,31,21,49
XAX80,23,27,31,57
XAX800,41,0,30,55
XAX801,22,2,22,58
XAX802,24,22,55,51
XAX803,14,13,16,61
XAX804,29,20,51,83
XAX805,26,17,24,57
XAX806,15,13,21,39
XAX807,46,29,45,73
XAX808,65,31,83,126
XAX809,27,12,37,59
XAX81,14,5,21,28
XAX810,68,34,86,94
XAX811,13,23,22,25
XAX812,11,8,18,48
XAX813,61,37,72,84
XAX814,33,22,31,60
XAX815,28,19,42,48
XAX816,23,13,30,74
XAX817,15,14,13,38
XAX818,13,27,24,43
XAX819,32,18,43,86
XAX82,33,16,23,43
XAX820,12,8,23,39
XAX821,43,18,57,79
XAX822,41,23,39,95
XAX823,50,44,76,94
XAX824,19,16,37,55
XAX825,9,6,12,27
XAX826,79,46,66,101
XAX827,47,34,48,85
XAX828,45,25,56,79
XAX829,15,5,15,44
XAX83,23,11,23,31
XAX830,3,7,18,14
XAX831,14,10,18,50
XAX833,9,9,17,47
XAX834,6,9,20,27
XAX835,26,9,52,89
XAX836,37,42,67,109
XAX837,7,8,9,16
XAX838,60,45,87,103
XAX839,21,18,18,40
XAX841,9,5,14,21
XAX842,34,27,38,78
XAX843,8,2,8,17
XAX844,25,12,54,76
XAX845,10,11,19,22
XAX846,12,22,19,36
XAX847,21,18,22,47
XAX848,37,25,31,86
XAX849,27,47,21,120
XAX85,34,31,71,68
XAX850,30,21,67,90
XAX851,21,22,27,69
XAX852,30,43,35,69
XAX853,31,22,61,94
XAX854,20,30,18,32
XAX855,26,11,16,119
XAX856,16,13,30,66
XAX857,17,22,20,39
XAX858,3,3,7,14
XAX859,22,17,24,62
XAX86,23,20,47,65
XAX860,26,29,37,65
XAX861,43,35,63,126
XAX862,71,66,94,116
XAX863,13,10,15,19
XAX864,31,10,44,44
XAX865,47,33,53,112
XAX866,37,17,57,104
XAX867,57,55,76,145
XAX868,70,23,57,56
XAX869,27,24,54,67
XAX87,30,13,57,58
XAX870,34,32,42,71
XAX871,9,5,19,15
XAX872,21,56,23,50
XAX873,6,11,18,37
XAX874,15,17,12,47
XAX875,0,2,10,42
XAX876,18,11,21,43
XAX877,18,6,25,60
XAX878,22,34,29,79
XAX879,24,20,33,49
XAX88,17,15,30,42
XAX880,32,8,31,41
XAX881,25,33,54,68
XAX882,32,20,36,53
XAX884,37,33,48,94
XAX885,16,26,25,37
XAX886,49,38,82,68
XAX887,21,12,26,39
XAX888,13,13,17,27
XAX889,12,18,28,23
XAX89,30,33,24,88
XAX890,26,1,25,67
XAX891,29,23,22,55
XAX892,67,55,66,119
XAX893,9,12,10,26
XAX8930,4,1,7,16
XAX894,38,19,43,72
XAX895,10,7,8,15
XAX896,24,27,43,59
XAX897,28,15,28,45
XAX898,33,22,39,50
XAX899,34,11,61,60
XAX9,22,10,47,65
XAX90,44,25,51,89
XAX900,17,9,18,16
XAX901,27,18,20,74
XAX902,30,15,29,48
XAX903,2,2,11,24
XAX904,31,19,47,46
XAX905,31,36,43,75
XAX906,76,117,128,237
XAX907,13,13,13,29
XAX908,17,9,16,28
XAX909,23,4,30,42
XAX91,4,5,9,33
XAX910,18,20,17,42
XAX911,32,26,34,45
XAX912,18,4,10,42
XAX913,32,21,48,67
XAX914,18,16,21,44
XAX915,19,5,17,39
XAX916,40,42,51,91
XAX917,14,2,14,29
XAX918,32,28,38,80
XAX919,48,35,82,122
XAX92,21,13,23,49
XAX921,23,39,20,24
XAX922,56,30,76,87
XAX923,35,31,43,89
XAX924,35,21,37,67
XAX925,20,14,15,33
XAX927,20,10,31,65
XAX929,30,18,34,45
XAX93,37,14,48,61
XAX930,8,11,11,15
XAX931,20,22,28,55
XAX932,49,29,53,87
XAX933,11,12,31,45
XAX934,21,37,23,69
XAX935,27,3,16,0
XAX936,36,40,49,64
XAX937,28,40,25,97
XAX938,10,13,15,46
XAX939,32,34,51,95
XAX94,40,31,70,78
XAX940,29,45,39,80
XAX941,3,0,0,0
XAX942,33,26,35,70
XAX943,24,26,56,62
XAX944,66,0,55,142
XAX945,34,42,64,119
XAX946,0,0,0,2
XAX947,57,53,53,117
XAX948,21,25,37,59
XAX949,4,25,7,41
XAX95,14,11,36,64
XAX950,48,35,37,95
XAX951,5,2,2,13
XAX952,23,5,15,40
XAX953,40,54,57,75
XAX954,12,5,23,20
XAX955,26,20,49,61
XAX956,10,10,16,16
XAX957,10,22,17,27
XAX958,27,12,34,61
XAX959,28,34,58,58
XAX96,37,14,58,68
XAX960,34,33,41,54
XAX961,23,14,22,33
XAX962,28,24,31,41
XAX963,59,43,59,93
XAX964,10,14,20,46
XAX965,57,37,72,66
XAX966,53,34,47,94
XAX967,22,18,62,59
XAX968,23,15,30,74
XAX969,44,29,63,96
XAX97,8,5,21,18
XAX970,43,38,58,87
XAX971,11,18,21,31
XAX972,27,26,39,70
XAX973,19,19,24,60
XAX974,30,12,25,56
XAX975,55,47,67,103
XAX976,18,13,16,69
XAX977,8,3,7,15
XAX978,23,18,26,47
XAX979,22,13,25,44
XAX98,8,7,9,22
XAX980,49,80,84,138
XAX981,22,10,29,41
XAX982,30,33,63,56
XAX983,0,13,11,16
XAX984,47,36,47,103
XAX985,21,21,35,35
XAX986,10,27,12,30
XAX987,19,23,35,41
XAX988,23,23,38,60
XAX989,22,8,35,45
XAX99,28,25,32,49
XAX990,58,54,90,135
XAX991,16,4,15,26
XAX992,19,21,24,320
XAX993,22,37,32,58
XAX994,36,17,45,56
XAX995,27,44,43,43
XAX996,10,13,14,21
XAX999,32,54,41,106
